id,confidence_score
CHEMBL1241675,-0.96
CHEMBL5195593,-1.36
CHEMBL194337,-0.64
CHEMBL3622678,-0.9
CHEMBL4552429,-0.8
CHEMBL5176920,-1.16
CHEMBL2335013,-2.02
CHEMBL4293126,-1.08
CHEMBL3604911,0.13
CHEMBL5202119,-1.83
CHEMBL1828874,-0.83
CHEMBL442754,-1.21
CHEMBL1821876,-1.57
CHEMBL345988,-0.25
CHEMBL215716,-1.32
CHEMBL1812559,-1.21
CHEMBL460736,-0.02
CHEMBL175101,-0.57
CHEMBL365606,-1.43
CHEMBL3910297,-1.35
CHEMBL3961553,-0.75
CHEMBL3764589,-2.69
CHEMBL589826,-0.94
CHEMBL5192223,-1.23
CHEMBL5169328,-0.24
CHEMBL309276,-0.3
CHEMBL3327179,-1.15
CHEMBL4873392,-1.01
CHEMBL328691,-0.63
CHEMBL339416,-1.14
CHEMBL122245,-1.42
CHEMBL2325090,-0.72
CHEMBL2070199,-0.99
CHEMBL3671513,-1.43
CHEMBL5193027,-1.75
CHEMBL4126654,0.33
CHEMBL2048795,-1.5
CHEMBL3699601,-0.76
CHEMBL4094959,-0.79
CHEMBL1916897,-1.61
CHEMBL3754785,-0.72
CHEMBL98798,-0.54
CHEMBL337027,-0.88
CHEMBL1242031,-0.89
CHEMBL3948661,-1.91
CHEMBL4097216,-2.38
CHEMBL57990,-0.99
CHEMBL5218780,-1.8
CHEMBL3663923,-0.8
CHEMBL2335019,-1.36
CHEMBL4068814,-0.58
CHEMBL1242287,-0.31
CHEMBL75049,-0.37
CHEMBL144778,-2.29
CHEMBL1328065,0.3
CHEMBL397122,-1.84
CHEMBL3753228,0.12
CHEMBL4475546,-1.19
CHEMBL4860202,-2.03
CHEMBL2031306,-0.69
CHEMBL464721,-2.75
CHEMBL4636996,-1.47
CHEMBL538507,-1.49
CHEMBL2216827,-0.97
CHEMBL3919271,0.03
CHEMBL162223,-0.97
CHEMBL93545,-0.21
CHEMBL4094086,-1.29
CHEMBL485745,-1.06
CHEMBL500381,-1.88
CHEMBL205676,-0.66
CHEMBL495617,-1.5
CHEMBL598798,-1.98
CHEMBL3671577,-1.33
CHEMBL1914657,-0.97
CHEMBL4069672,-0.15
CHEMBL3425655,-1.21
CHEMBL3092317,-0.94
CHEMBL5206476,-0.73
CHEMBL247710,-1.01
CHEMBL383444,-1.1
CHEMBL3774906,-0.97
CHEMBL5089073,-1.24
CHEMBL257859,-1.02
CHEMBL3953593,-1.22
CHEMBL311109,-1.93
CHEMBL1630110,-1.43
CHEMBL422540,-1.64
CHEMBL483234,-2.57
CHEMBL4087570,-1.17
CHEMBL1821892,-0.61
CHEMBL1173454,-0.36
CHEMBL2442333,-0.39
CHEMBL327725,-0.43
CHEMBL510597,-1.15
CHEMBL5182741,-0.91
CHEMBL347854,-3.02
CHEMBL233324,-1.71
CHEMBL4780903,-1.5
CHEMBL4101735,-1.07
CHEMBL277430,-2.44
CHEMBL3891846,-1.02
CHEMBL4641096,-1.11
CHEMBL1645475,-0.4
CHEMBL4531109,-0.3
CHEMBL3965948,-1.32
CHEMBL1981977,0.12
CHEMBL287022,-1.06
CHEMBL3941626,-1.05
CHEMBL2180204,-0.82
CHEMBL3344209,-1.47
CHEMBL317925,-0.6
CHEMBL3742146,-0.16
CHEMBL204164,-1.76
CHEMBL4763960,-0.98
CHEMBL3671494,-1.5
CHEMBL593306,-1.4
CHEMBL3234747,-2.39
CHEMBL3939300,-1.34
CHEMBL178488,-0.14
CHEMBL3759815,-1.39
CHEMBL3740595,-3.52
CHEMBL4077930,-0.88
CHEMBL272935,-1.31
CHEMBL3932176,-1.32
CHEMBL1812374,-0.5
CHEMBL352954,0.11
CHEMBL521887,-1.69
CHEMBL3806200,-1.09
CHEMBL3133911,-1.56
CHEMBL4859473,-0.23
CHEMBL81375,-1.86
CHEMBL3751967,-1.12
CHEMBL3676372,-1.19
CHEMBL3604929,0.42
CHEMBL4760328,-1.44
CHEMBL66570,-1.78
CHEMBL2070048,-1.17
CHEMBL3950023,-1.22
CHEMBL3671521,-1.32
CHEMBL5205097,-0.07
CHEMBL56236,-1.92
CHEMBL3416596,-1.41
CHEMBL4066569,-1.61
CHEMBL310740,-1.54
CHEMBL604094,-1.48
CHEMBL522785,-0.39
CHEMBL595497,-0.12
CHEMBL4750196,-1.45
CHEMBL1797541,-1.15
CHEMBL3699591,0.26
CHEMBL3237942,-1.52
CHEMBL96780,-0.42
CHEMBL1928887,-0.86
CHEMBL360190,-3.18
CHEMBL3633151,-0.44
CHEMBL4202955,-0.08
CHEMBL4758204,-1.76
CHEMBL2333999,-0.85
CHEMBL3805782,-0.6
CHEMBL1630109,-1.73
CHEMBL1271619,-0.46
CHEMBL2385975,-1.01
CHEMBL1241581,-0.5
CHEMBL3355880,-1.87
CHEMBL249921,-1.18
CHEMBL4796408,-0.94
CHEMBL3924787,-0.97
CHEMBL3979366,-1.99
CHEMBL5205073,-1.8
CHEMBL4873767,-0.89
CHEMBL4538707,-2.03
CHEMBL280757,-1.0
CHEMBL590526,-0.67
CHEMBL202970,-1.08
CHEMBL320479,-0.52
CHEMBL3985004,-1.54
CHEMBL94062,-1.0
CHEMBL294681,-0.29
CHEMBL4799700,-1.52
CHEMBL4566583,-1.53
CHEMBL248321,-1.01
CHEMBL5219777,-1.16
CHEMBL461968,-1.17
CHEMBL51028,-2.08
CHEMBL3963620,-1.64
CHEMBL137534,-0.63
CHEMBL2325104,-1.19
CHEMBL396079,-1.29
CHEMBL96065,-0.53
CHEMBL2029434,0.06
CHEMBL168550,-0.61
CHEMBL2029691,-0.61
CHEMBL5091683,-0.8
CHEMBL3740003,-1.85
CHEMBL1170459,-1.08
CHEMBL128467,-1.33
CHEMBL3219128,0.07
CHEMBL1945452,-1.12
CHEMBL3758868,-1.22
CHEMBL408565,0.49
CHEMBL5208679,-0.16
CHEMBL5181684,-1.67
CHEMBL3805089,-1.09
CHEMBL4102455,-0.9
CHEMBL3263366,-0.57
CHEMBL2324870,-1.27
CHEMBL123189,-1.6
CHEMBL4789312,-0.78
CHEMBL4520341,-0.98
CHEMBL3699618,-0.85
CHEMBL1241772,-0.23
CHEMBL3798887,-0.97
CHEMBL331906,-0.68
CHEMBL110065,-0.55
CHEMBL491677,-1.21
CHEMBL4746697,-0.95
CHEMBL1829274,-1.07
CHEMBL1272168,-2.27
CHEMBL493428,-1.7
CHEMBL234577,-1.64
CHEMBL4094823,-1.12
CHEMBL398154,-0.76
CHEMBL213874,-0.77
CHEMBL4079649,-1.36
CHEMBL3955829,-0.65
CHEMBL473428,-1.38
CHEMBL3699612,0.16
CHEMBL1683957,-1.86
CHEMBL2018748,-0.65
CHEMBL4646638,-1.39
CHEMBL1242476,-1.13
CHEMBL328245,-1.94
CHEMBL3754213,-0.06
CHEMBL3586174,-1.54
CHEMBL2385982,-0.61
CHEMBL3357637,-0.85
CHEMBL3237935,-0.51
CHEMBL3970399,-1.01
CHEMBL234580,-1.81
CHEMBL377772,-1.17
CHEMBL1944924,-0.96
CHEMBL2437458,-0.89
CHEMBL366831,-1.24
CHEMBL4206501,-1.24
CHEMBL3908272,-0.77
CHEMBL2087360,-1.36
CHEMBL3655346,-0.99
CHEMBL4866102,-1.15
CHEMBL4290750,-1.01
CHEMBL4790568,-1.48
CHEMBL2337373,0.56
CHEMBL592426,-0.44
CHEMBL5202846,-1.18
CHEMBL3233765,-1.17
CHEMBL3344210,-1.67
CHEMBL197525,0.09
CHEMBL4871593,-0.17
CHEMBL1934632,-1.55
CHEMBL1348499,0.12
CHEMBL4746895,-0.71
CHEMBL4760606,-1.84
CHEMBL3926558,-1.09
CHEMBL1204262,-0.22
CHEMBL5172794,-0.81
CHEMBL111033,-1.25
CHEMBL140561,-1.35
CHEMBL4583178,-1.46
CHEMBL1242377,-0.35
CHEMBL475767,-1.5
CHEMBL3982289,-1.74
CHEMBL599524,-1.35
CHEMBL1077107,-2.49
CHEMBL24979,-0.96
CHEMBL170438,-0.29
CHEMBL4587811,-2.07
CHEMBL4094546,-0.75
CHEMBL4072986,-0.91
CHEMBL3233792,-1.36
CHEMBL4847264,0.19
CHEMBL487254,-0.74
CHEMBL3897363,-1.66
CHEMBL5199678,-1.82
CHEMBL1240544,-0.49
CHEMBL521571,-0.79
CHEMBL436511,-0.44
CHEMBL2347960,-1.39
CHEMBL4062830,-1.42
CHEMBL324030,-0.54
CHEMBL335648,-0.31
CHEMBL1761929,-0.68
CHEMBL2385988,-1.37
CHEMBL3806110,-0.47
CHEMBL415738,0.45
CHEMBL2425091,-0.9
CHEMBL3088224,-1.23
CHEMBL3263966,-1.88
CHEMBL340898,-1.54
CHEMBL231663,-1.95
CHEMBL3925959,-0.93
CHEMBL253292,-2.14
CHEMBL1928708,-0.8
CHEMBL3233776,-1.99
CHEMBL1958031,-0.65
CHEMBL4238771,-0.84
CHEMBL4442035,-1.55
CHEMBL5204970,-1.6
CHEMBL153518,-0.43
CHEMBL3814021,-1.24
CHEMBL329856,-0.68
CHEMBL208240,-0.9
CHEMBL399736,-1.0
CHEMBL246493,-1.28
CHEMBL4107818,-1.22
CHEMBL3671519,-1.23
CHEMBL4858176,-1.22
CHEMBL1683965,-1.37
CHEMBL4207951,0.18
CHEMBL3819120,-1.11
CHEMBL265629,-1.21
CHEMBL5180965,-1.31
CHEMBL4069586,-1.93
CHEMBL522623,-0.85
CHEMBL4203804,0.18
CHEMBL4744655,-0.64
CHEMBL5199399,0.05
CHEMBL1830266,-0.23
CHEMBL3765425,-2.64
CHEMBL301612,-2.15
CHEMBL3040548,-1.56
CHEMBL4087243,-2.07
CHEMBL59150,-0.09
CHEMBL4870265,-1.33
CHEMBL4527630,-1.06
CHEMBL3758376,-1.5
CHEMBL392273,-1.49
CHEMBL4753631,-1.34
CHEMBL3740492,-0.93
CHEMBL5077378,-1.16
CHEMBL408351,-1.07
CHEMBL57170,-0.11
CHEMBL516047,-1.12
CHEMBL520515,-0.06
CHEMBL4104658,-1.78
CHEMBL3623287,-0.67
CHEMBL5187375,-0.45
CHEMBL3939913,-1.24
CHEMBL348554,-1.21
CHEMBL135592,-0.08
CHEMBL4083305,-0.25
CHEMBL3922182,-1.54
CHEMBL4746023,-0.79
CHEMBL543904,-1.5
CHEMBL3353405,0.05
CHEMBL193368,-1.65
CHEMBL3671580,-1.0
CHEMBL250318,-1.15
CHEMBL4060039,-1.5
CHEMBL3622637,-1.11
CHEMBL117697,-0.15
CHEMBL4754811,-1.48
CHEMBL1945645,-1.49
CHEMBL5176295,-1.26
CHEMBL2437223,-1.75
CHEMBL3219348,-1.63
CHEMBL157021,-1.4
CHEMBL1242207,-0.92
CHEMBL130163,-1.45
CHEMBL2064383,-1.12
CHEMBL399371,-1.78
CHEMBL1788321,-0.87
CHEMBL3759480,-2.24
CHEMBL196738,-1.5
CHEMBL3622640,-0.84
CHEMBL3436354,-1.28
CHEMBL3233781,-1.14
CHEMBL5183865,-1.41
CHEMBL451523,-2.06
CHEMBL5094237,-1.37
CHEMBL5189114,-1.39
CHEMBL2385991,-1.77
CHEMBL4081732,-1.61
CHEMBL257861,-0.87
CHEMBL255866,-0.52
CHEMBL441335,-0.54
CHEMBL4227812,-0.3
CHEMBL4282506,-0.73
CHEMBL3360617,-1.67
CHEMBL4062528,-0.69
CHEMBL1958214,-0.7
CHEMBL2426281,-0.06
CHEMBL119977,-0.64
CHEMBL3917723,-0.93
CHEMBL67535,-2.58
CHEMBL1242659,-0.84
CHEMBL598163,-1.48
CHEMBL437612,-0.2
CHEMBL445572,-2.33
CHEMBL5087610,-0.77
CHEMBL3674150,-1.49
CHEMBL4445017,-0.97
CHEMBL62176,-0.09
CHEMBL4475770,-0.34
CHEMBL1173718,-1.15
CHEMBL204715,-0.75
CHEMBL3676340,-1.16
CHEMBL1365395,-0.38
CHEMBL4582933,-0.91
CHEMBL4584651,-1.13
CHEMBL69964,-1.61
CHEMBL3647970,-1.05
CHEMBL249919,-0.99
CHEMBL127367,-1.68
CHEMBL3676359,-1.64
CHEMBL305782,-1.92
CHEMBL2348417,-1.21
CHEMBL3742128,-1.48
CHEMBL1242754,-1.33
CHEMBL1952211,0.24
CHEMBL1812561,-0.61
CHEMBL461797,-1.53
CHEMBL3815045,-0.89
CHEMBL2347973,-1.11
CHEMBL3774451,-0.97
CHEMBL490497,-0.83
CHEMBL129824,-1.01
CHEMBL4227281,-1.87
CHEMBL604042,-1.23
CHEMBL4087709,-0.57
CHEMBL3671500,-1.08
CHEMBL1087055,-0.48
CHEMBL3357640,-1.11
CHEMBL2437484,-0.19
CHEMBL4102224,-1.37
CHEMBL75208,-0.83
CHEMBL5177023,-1.18
CHEMBL129579,-1.35
CHEMBL418203,-0.83
CHEMBL4237916,-0.37
CHEMBL4066684,-1.46
CHEMBL345837,-3.76
CHEMBL158805,-2.56
CHEMBL4856453,-0.78
CHEMBL4166436,-2.62
CHEMBL1254364,-1.69
CHEMBL5077866,-1.1
CHEMBL1928956,-2.5
CHEMBL80302,-1.71
CHEMBL4105392,-1.29
CHEMBL3355877,-2.16
CHEMBL4091569,-0.92
CHEMBL1242380,-1.03
CHEMBL2047015,-1.28
CHEMBL501709,-2.18
CHEMBL402149,-0.43
CHEMBL3639752,-1.05
CHEMBL442938,-2.26
CHEMBL3425667,-0.83
CHEMBL3357653,-0.99
CHEMBL257816,-0.93
CHEMBL1241682,-0.5
CHEMBL4089863,-1.26
CHEMBL4083916,-1.44
CHEMBL529663,-1.08
CHEMBL5198433,-1.18
CHEMBL4081860,-1.02
CHEMBL2325095,-0.29
CHEMBL310580,-0.81
CHEMBL544538,-1.22
CHEMBL166255,-1.23
CHEMBL4642177,-0.55
CHEMBL4087921,-1.44
CHEMBL5184313,-0.94
CHEMBL5188272,-1.96
CHEMBL205047,-1.65
CHEMBL345109,-1.53
CHEMBL83228,-0.72
CHEMBL474543,-1.54
CHEMBL3360616,-2.06
CHEMBL296168,-0.81
CHEMBL504117,-1.68
CHEMBL4586164,-0.83
CHEMBL4064942,-0.7
CHEMBL230232,-1.04
CHEMBL3759022,-1.2
CHEMBL168829,0.39
CHEMBL3914599,-1.3
CHEMBL3814878,-1.49
CHEMBL3806292,-0.31
CHEMBL212965,-1.23
CHEMBL1821893,-0.43
CHEMBL135577,-2.19
CHEMBL394333,-1.69
CHEMBL4647325,0.49
CHEMBL4782320,-0.21
CHEMBL1928959,-1.74
CHEMBL52784,0.11
CHEMBL4176629,-1.45
CHEMBL380386,-1.07
CHEMBL338049,-0.22
CHEMBL192737,-0.41
CHEMBL4078182,-0.92
CHEMBL5208549,0.52
CHEMBL4572443,-1.64
CHEMBL543361,-2.13
CHEMBL3604910,0.52
CHEMBL344486,-1.41
CHEMBL5075204,-0.65
CHEMBL251498,-0.99
CHEMBL4284780,0.17
CHEMBL332269,-1.87
CHEMBL3960911,-1.31
CHEMBL5181437,-1.57
CHEMBL3234742,-2.43
CHEMBL3676377,-0.92
CHEMBL3904787,-1.14
CHEMBL1821873,-1.21
CHEMBL1947122,-0.34
CHEMBL304271,-2.54
CHEMBL204268,-0.33
CHEMBL324439,-0.39
CHEMBL4452906,-1.1
CHEMBL1684800,-3.46
CHEMBL1714813,-0.57
CHEMBL4071180,-1.09
CHEMBL3088221,-0.82
CHEMBL4779194,-2.2
CHEMBL438440,-1.47
CHEMBL4743173,-1.2
CHEMBL473429,-1.39
CHEMBL4746321,-2.18
CHEMBL3671524,-1.41
CHEMBL53375,-0.62
CHEMBL593293,-1.67
CHEMBL504416,-1.53
CHEMBL3086106,-1.27
CHEMBL4534719,-1.53
CHEMBL5173979,-0.14
CHEMBL1254286,-1.08
CHEMBL3237943,-0.93
CHEMBL4091010,-1.39
CHEMBL295961,0.21
CHEMBL3604928,-0.46
CHEMBL3814182,-0.81
CHEMBL4168254,-0.67
CHEMBL203599,-1.49
CHEMBL4104515,-2.02
CHEMBL3823520,-0.96
CHEMBL1828875,-1.27
CHEMBL4463766,-1.11
CHEMBL381306,-0.01
CHEMBL406004,-0.31
CHEMBL2334001,-0.66
CHEMBL1812560,-1.41
CHEMBL3978740,-2.18
CHEMBL3759848,-0.98
CHEMBL3671557,-1.41
CHEMBL401251,-0.57
CHEMBL3671486,-1.63
CHEMBL4470214,-1.97
CHEMBL3234746,-2.16
CHEMBL1080812,-1.05
CHEMBL3934539,-0.5
CHEMBL4796407,-1.4
CHEMBL177688,-1.03
CHEMBL1241943,-0.77
CHEMBL301359,0.27
CHEMBL4445265,-0.77
CHEMBL4578487,-0.97
CHEMBL2437459,-0.45
CHEMBL2324871,-1.16
CHEMBL4288246,-1.12
CHEMBL3676373,-1.54
CHEMBL4225255,-1.14
CHEMBL3975699,-1.21
CHEMBL2031307,-0.57
CHEMBL5195167,-0.05
CHEMBL3952877,-0.89
CHEMBL414013,0.27
CHEMBL2333998,-0.94
CHEMBL3663922,-1.1
CHEMBL4072299,-0.57
CHEMBL4473277,-1.53
CHEMBL3237947,-1.76
CHEMBL454002,-0.38
CHEMBL3671512,-1.03
CHEMBL3622638,-0.94
CHEMBL1947126,-0.41
CHEMBL1172573,-0.68
CHEMBL3663926,-0.19
CHEMBL7914,0.11
CHEMBL4079861,-0.7
CHEMBL3092324,-0.95
CHEMBL5184941,-0.5
CHEMBL4129387,-0.03
CHEMBL3753208,-0.05
CHEMBL3900054,-1.04
CHEMBL125086,-2.03
CHEMBL481331,-1.48
CHEMBL4550473,-0.8
CHEMBL1958030,-0.71
CHEMBL4163321,-1.72
CHEMBL2031303,-0.72
CHEMBL214631,-0.67
CHEMBL3425662,-0.67
CHEMBL4873506,-1.66
CHEMBL1934633,-1.61
CHEMBL73406,-0.71
CHEMBL4129781,-0.56
CHEMBL3740105,-3.04
CHEMBL3663928,-0.83
CHEMBL4076434,-1.01
CHEMBL1336,-1.09
CHEMBL3758749,-1.16
CHEMBL194958,-1.55
CHEMBL3763757,-2.17
CHEMBL2031309,-0.65
CHEMBL247711,-1.43
CHEMBL257860,-1.26
CHEMBL340611,-0.07
CHEMBL4216551,-0.18
CHEMBL56081,0.36
CHEMBL461796,-1.43
CHEMBL2374457,-1.45
CHEMBL258694,-1.09
CHEMBL3896779,-0.48
CHEMBL2312304,-0.97
CHEMBL4634817,-1.21
CHEMBL3133910,-1.71
CHEMBL496174,-1.36
CHEMBL270895,-1.15
CHEMBL1928709,-1.29
CHEMBL3908303,-0.61
CHEMBL1095957,-0.77
CHEMBL305660,-3.06
CHEMBL4762998,-1.52
CHEMBL1242034,-1.01
CHEMBL423224,-0.04
CHEMBL598407,-1.97
CHEMBL1090357,-0.92
CHEMBL345077,-0.73
CHEMBL3621220,-0.89
CHEMBL469996,-1.83
CHEMBL55794,-1.02
CHEMBL4641942,-1.16
CHEMBL4521381,-1.37
CHEMBL4792577,-1.17
CHEMBL3092320,-0.88
CHEMBL1929312,-0.75
CHEMBL4469866,-0.77
CHEMBL596761,-1.31
CHEMBL4575267,-1.6
CHEMBL3622673,-0.83
CHEMBL93537,-1.01
CHEMBL5196498,-2.09
CHEMBL4747958,-2.22
CHEMBL399928,-0.9
CHEMBL346846,-0.37
CHEMBL1172603,-0.62
CHEMBL327838,-1.26
CHEMBL2437465,-0.53
CHEMBL3622641,-1.04
CHEMBL3355876,-1.65
CHEMBL4471235,-1.47
CHEMBL4868123,-0.22
CHEMBL4095063,-1.17
CHEMBL2159053,-0.37
CHEMBL601625,-1.41
CHEMBL593987,-1.35
CHEMBL431191,0.24
CHEMBL3622679,-0.92
CHEMBL591706,-0.52
CHEMBL2385974,-1.83
CHEMBL369014,-0.96
CHEMBL3759900,-1.24
CHEMBL234772,-1.97
CHEMBL1173455,-0.2
CHEMBL1914673,-0.89
CHEMBL81712,-1.89
CHEMBL4170121,-0.81
CHEMBL3233764,-1.3
CHEMBL4102389,-0.2
CHEMBL3676393,-1.17
CHEMBL4535881,0.64
CHEMBL3758889,-1.49
CHEMBL4070640,-1.43
CHEMBL2322329,-1.82
CHEMBL248116,-0.85
CHEMBL2325105,-0.75
CHEMBL4541573,-0.8
CHEMBL332938,-0.33
CHEMBL4078801,-1.33
CHEMBL257430,-0.96
CHEMBL3747281,-3.21
CHEMBL204223,-0.77
CHEMBL379093,-1.69
CHEMBL1744349,-1.33
CHEMBL490775,-1.73
CHEMBL63786,-0.28
CHEMBL283088,-1.02
CHEMBL3740850,-2.1
CHEMBL1241487,-0.37
CHEMBL96627,-0.45
CHEMBL3234866,-1.04
CHEMBL4213400,0.39
CHEMBL489312,-0.7
CHEMBL176309,-0.0
CHEMBL3357652,-0.99
CHEMBL589503,-1.02
CHEMBL603186,-1.25
CHEMBL3760090,-1.01
CHEMBL1945453,-1.28
CHEMBL4588202,-1.19
CHEMBL1614712,-0.49
CHEMBL4468464,-1.87
CHEMBL3676341,-1.09
CHEMBL391181,-1.39
CHEMBL5194174,-1.63
CHEMBL594661,-1.3
CHEMBL1952210,-0.02
CHEMBL3622636,-0.85
CHEMBL3416626,-1.39
CHEMBL207130,-1.13
CHEMBL4082515,0.08
CHEMBL3979482,-1.25
CHEMBL13485,-0.62
CHEMBL3092316,-1.06
CHEMBL5207479,-1.44
CHEMBL3806143,-0.45
CHEMBL2047248,-0.61
CHEMBL4563980,-2.34
CHEMBL57690,0.37
CHEMBL4867893,-1.13
CHEMBL4077064,-0.43
CHEMBL74481,0.03
CHEMBL4067373,-1.94
CHEMBL333231,-0.91
CHEMBL2152252,-0.68
CHEMBL250523,-1.8
CHEMBL3604922,-0.19
CHEMBL4092951,-0.61
CHEMBL4208712,-1.21
CHEMBL1094808,-1.68
CHEMBL93544,-0.45
CHEMBL3612585,-1.63
CHEMBL594228,-1.27
CHEMBL490498,-0.69
CHEMBL4102284,-0.43
CHEMBL2031297,-0.55
CHEMBL4060383,-0.28
CHEMBL447230,-0.07
CHEMBL490496,-1.11
CHEMBL3676379,-1.46
CHEMBL5194245,-1.41
CHEMBL260861,-0.89
CHEMBL3040543,-2.07
CHEMBL1241949,-0.91
CHEMBL3742349,-0.89
CHEMBL3237930,-0.77
CHEMBL598799,-1.5
CHEMBL544865,-0.64
CHEMBL4863836,-2.09
CHEMBL1794063,-2.47
CHEMBL1090353,-0.26
CHEMBL5198992,-1.61
CHEMBL523573,-1.48
CHEMBL3344211,-1.4
CHEMBL3753811,0.19
CHEMBL1201179,-1.87
CHEMBL5076283,-1.59
CHEMBL4452628,-1.25
CHEMBL592427,-0.03
CHEMBL406236,-0.44
CHEMBL3699590,-0.71
CHEMBL330879,-1.0
CHEMBL446250,-1.32
CHEMBL363815,-1.42
CHEMBL3754556,-0.65
CHEMBL5087994,-1.35
CHEMBL5085807,-1.85
CHEMBL4450843,-1.55
CHEMBL2064388,-0.96
CHEMBL3804868,-0.89
CHEMBL4457885,-1.08
CHEMBL109296,-0.83
CHEMBL3977504,-0.38
CHEMBL5180251,-0.04
CHEMBL511990,-1.69
CHEMBL1080272,-1.38
CHEMBL249509,-0.67
CHEMBL1645474,-0.17
CHEMBL2070192,-1.05
CHEMBL323970,-1.38
CHEMBL1683960,-1.45
CHEMBL4763697,-1.51
CHEMBL4565374,-1.39
CHEMBL78700,-1.84
CHEMBL91009,-0.66
CHEMBL599388,-0.49
CHEMBL3753305,-0.78
CHEMBL54088,0.24
CHEMBL3403510,-0.64
CHEMBL2018749,-0.72
CHEMBL1172950,-1.24
CHEMBL4097627,-0.65
CHEMBL3237934,-0.54
CHEMBL5190204,-1.74
CHEMBL281872,-0.99
CHEMBL166766,0.48
CHEMBL1988225,0.05
CHEMBL253969,-1.29
CHEMBL324399,-1.45
CHEMBL3613691,-0.81
CHEMBL56281,0.49
CHEMBL66031,-0.3
CHEMBL3980793,-1.68
CHEMBL2442332,-1.24
CHEMBL5087264,-0.79
CHEMBL1173713,-0.69
CHEMBL337035,-0.3
CHEMBL589823,-0.02
CHEMBL299893,-1.44
CHEMBL5082394,-1.09
CHEMBL47660,0.48
CHEMBL939,-0.74
CHEMBL4173032,-1.11
CHEMBL4753387,-1.1
CHEMBL507821,-1.58
CHEMBL53690,-1.97
CHEMBL333851,0.03
CHEMBL1242477,-0.53
CHEMBL3804886,-0.52
CHEMBL3360618,-0.89
CHEMBL474141,-0.56
CHEMBL128468,-0.65
CHEMBL1683964,-1.64
CHEMBL3416614,0.18
CHEMBL2425090,-0.83
CHEMBL4289083,-1.87
CHEMBL4578764,-1.8
CHEMBL473351,-1.6
CHEMBL4103194,-0.31
CHEMBL597303,-1.2
CHEMBL5203176,0.28
CHEMBL590568,0.09
CHEMBL4172718,-0.71
CHEMBL402293,-1.86
CHEMBL1241580,-0.34
CHEMBL4089120,-1.52
CHEMBL214857,-1.05
CHEMBL1173651,-1.62
CHEMBL605413,-0.87
CHEMBL5200760,0.02
CHEMBL3759754,-0.88
CHEMBL5080676,-0.94
CHEMBL3674148,-1.96
CHEMBL141175,-1.41
CHEMBL3759356,-1.53
CHEMBL1821877,-1.41
CHEMBL166358,-1.15
CHEMBL3671520,-1.84
CHEMBL4868614,-2.29
CHEMBL5185952,0.23
CHEMBL269889,-0.45
CHEMBL1630111,-1.74
CHEMBL5218990,-1.13
CHEMBL5200991,-1.42
CHEMBL473553,-1.55
CHEMBL1204360,-0.6
CHEMBL3671553,-1.02
CHEMBL597914,-1.45
CHEMBL4562352,-1.26
CHEMBL4165126,-1.53
CHEMBL1928957,-1.83
CHEMBL2029442,0.51
CHEMBL2283248,-0.07
CHEMBL3403514,-0.43
CHEMBL2325091,-1.23
CHEMBL297968,-0.92
CHEMBL2348416,-1.22
CHEMBL470003,-1.22
CHEMBL1928886,-0.94
CHEMBL3237949,-2.23
CHEMBL3910915,-1.51
CHEMBL1830263,-0.4
CHEMBL383030,-0.07
CHEMBL190094,-1.06
CHEMBL5069609,-1.8
CHEMBL293986,-3.05
CHEMBL113070,-2.74
CHEMBL379041,-0.03
CHEMBL165630,-1.38
CHEMBL4522240,-1.31
CHEMBL2031299,-1.1
CHEMBL539822,-0.06
CHEMBL4793053,-1.28
CHEMBL1090359,-0.78
CHEMBL3219130,-1.35
CHEMBL5172338,-0.06
CHEMBL3813746,-1.47
CHEMBL3612561,-1.36
CHEMBL4741922,-0.68
CHEMBL597200,-1.22
CHEMBL4208167,-0.02
CHEMBL1828871,-0.88
CHEMBL56455,-1.36
CHEMBL489112,-0.24
CHEMBL2064382,-1.03
CHEMBL492077,-1.13
CHEMBL3671559,-1.21
CHEMBL590083,-0.89
CHEMBL3818547,-0.89
CHEMBL491083,-1.17
CHEMBL2029435,0.16
CHEMBL417478,-1.1
CHEMBL1242030,-0.63
CHEMBL1243316,-0.93
CHEMBL207037,-0.77
CHEMBL4548960,-1.19
CHEMBL383499,-1.18
CHEMBL184682,-1.05
CHEMBL3914607,-1.39
CHEMBL2070198,-1.25
CHEMBL1929555,-0.91
CHEMBL1830267,-0.45
CHEMBL422347,-2.08
CHEMBL513418,-1.56
CHEMBL383965,-1.81
CHEMBL2325101,-1.79
CHEMBL5174109,-1.7
CHEMBL1240545,-1.09
CHEMBL247228,-0.75
CHEMBL3221259,-1.3
CHEMBL193578,-0.78
CHEMBL3828092,-0.82
CHEMBL153409,-0.07
CHEMBL2087357,-0.69
CHEMBL2031310,-0.82
CHEMBL276154,-0.79
CHEMBL4569755,0.58
CHEMBL3221552,-0.92
CHEMBL250925,-1.1
CHEMBL3233784,-1.24
CHEMBL291359,-2.87
CHEMBL3088219,-1.35
CHEMBL3800262,0.15
CHEMBL3676338,-1.19
CHEMBL472581,-2.42
CHEMBL455208,-0.83
CHEMBL5076067,-1.21
CHEMBL461792,-1.14
CHEMBL589830,-1.0
CHEMBL598306,-1.9
CHEMBL93423,-1.65
CHEMBL4064475,0.14
CHEMBL2425094,-0.74
CHEMBL5078413,-1.22
CHEMBL2047022,-2.56
CHEMBL4446546,-0.59
CHEMBL3098325,-1.83
CHEMBL4162530,-1.45
CHEMBL53552,-0.31
CHEMBL498134,-1.86
CHEMBL4211573,-0.82
CHEMBL4443413,-1.3
CHEMBL3898077,-1.52
CHEMBL4074782,-0.23
CHEMBL5202381,-0.82
CHEMBL4097369,-1.02
CHEMBL5173534,-1.81
CHEMBL605976,-1.52
CHEMBL3085376,-2.23
CHEMBL3775897,-1.01
CHEMBL593860,-1.37
CHEMBL533849,-0.8
CHEMBL3623282,-0.83
CHEMBL4095439,-0.25
CHEMBL1241483,-0.09
CHEMBL135853,-0.59
CHEMBL3325474,-1.34
CHEMBL4556670,-1.47
CHEMBL4110258,-0.85
CHEMBL153573,-0.06
CHEMBL1094196,-2.34
CHEMBL53311,-0.25
CHEMBL3671540,-1.34
CHEMBL4435885,-0.82
CHEMBL4093114,-1.65
CHEMBL3774712,-1.11
CHEMBL4870955,-1.64
CHEMBL3233779,-1.56
CHEMBL2385987,-1.71
CHEMBL422758,-0.95
CHEMBL3814812,-1.22
CHEMBL511623,-0.98
CHEMBL1095445,-1.77
CHEMBL5194482,-0.59
CHEMBL153525,-0.3
CHEMBL3818364,-1.59
CHEMBL3623288,-1.07
CHEMBL3221541,-0.99
CHEMBL1233882,-1.27
CHEMBL2424676,-0.33
CHEMBL4516586,-0.73
CHEMBL2437226,-1.52
CHEMBL3891774,-1.35
CHEMBL306732,-1.68
CHEMBL296407,0.5
CHEMBL3740247,-1.37
CHEMBL4860527,-1.6
CHEMBL1645470,-0.67
CHEMBL2385970,-1.21
CHEMBL1958211,-0.62
CHEMBL1241947,-0.71
CHEMBL436137,-1.94
CHEMBL5087931,-1.14
CHEMBL3740144,-1.78
CHEMBL593909,-1.52
CHEMBL4852664,-1.99
CHEMBL3114699,-0.89
CHEMBL3297894,0.29
CHEMBL2408825,-0.99
CHEMBL3699594,-0.88
CHEMBL1241391,0.49
CHEMBL432396,-1.14
CHEMBL3754057,-0.17
CHEMBL1242751,-0.84
CHEMBL202162,-0.2
CHEMBL3263963,-1.65
CHEMBL592466,-1.57
CHEMBL1910275,0.47
CHEMBL306988,-0.67
CHEMBL3671482,-1.34
CHEMBL77737,0.6
CHEMBL4797395,-1.24
CHEMBL57892,-1.26
CHEMBL3355878,-1.59
CHEMBL5201532,-1.59
CHEMBL4067255,-0.61
CHEMBL2347965,-0.38
CHEMBL466586,-1.63
CHEMBL4869409,-1.49
CHEMBL605161,-0.33
CHEMBL277667,-0.74
CHEMBL207674,-0.97
CHEMBL4561572,-0.55
CHEMBL1934624,-1.43
CHEMBL510155,-2.09
CHEMBL419047,-1.36
CHEMBL106232,-2.43
CHEMBL3353398,-0.49
CHEMBL4072928,-1.26
CHEMBL4757724,-1.57
CHEMBL4228018,-1.08
CHEMBL77342,-2.13
CHEMBL452717,-1.28
CHEMBL474341,-0.72
CHEMBL4516287,-2.0
CHEMBL111434,-0.9
CHEMBL4077608,-1.06
CHEMBL3814257,-0.82
CHEMBL589847,-1.03
CHEMBL3219347,-1.91
CHEMBL2333985,-2.35
CHEMBL598610,-1.13
CHEMBL2070196,-0.84
CHEMBL2441561,-1.12
CHEMBL3671585,-1.32
CHEMBL5206436,-1.71
CHEMBL3676364,-1.68
CHEMBL4288562,-0.09
CHEMBL4067855,-1.0
CHEMBL3671516,-1.23
CHEMBL4533337,-1.38
CHEMBL31876,-1.22
CHEMBL2425087,-1.29
CHEMBL4751768,-1.34
CHEMBL472942,-1.03
CHEMBL3954571,-1.39
CHEMBL1242027,-0.98
CHEMBL3775148,-0.9
CHEMBL1951415,-0.83
CHEMBL4294211,-1.3
CHEMBL111307,-0.52
CHEMBL4102942,-0.78
CHEMBL5185207,-0.71
CHEMBL448730,-0.56
CHEMBL14627,-1.8
CHEMBL482715,-2.5
CHEMBL3344215,-1.94
CHEMBL1821879,-1.22
CHEMBL1914660,-0.84
CHEMBL3234748,-2.95
CHEMBL3133893,-1.93
CHEMBL5175873,-1.25
CHEMBL4288300,-1.37
CHEMBL4059772,-1.34
CHEMBL4225828,-1.15
CHEMBL2029700,-0.54
CHEMBL3133899,-1.66
CHEMBL4848093,-2.02
CHEMBL3809045,-0.72
CHEMBL4203016,-1.53
CHEMBL1744347,-1.3
CHEMBL47940,-0.66
CHEMBL4873984,-1.69
CHEMBL488271,-0.05
CHEMBL4755444,-1.47
CHEMBL4449681,-0.6
CHEMBL4645434,-1.49
CHEMBL4103761,-1.47
CHEMBL326596,-0.59
CHEMBL347160,-2.42
CHEMBL1830270,-0.88
CHEMBL1958027,-0.47
CHEMBL4783641,-1.67
CHEMBL3985134,-0.21
CHEMBL4454709,-1.17
CHEMBL2148050,-1.93
CHEMBL3622677,-0.73
CHEMBL1204199,-0.34
CHEMBL2032379,0.24
CHEMBL4100377,-0.92
CHEMBL3663935,-0.82
CHEMBL2048912,-1.72
CHEMBL1243254,-1.48
CHEMBL4451619,-1.26
CHEMBL3237929,-0.27
CHEMBL1242378,-0.13
CHEMBL63356,0.75
CHEMBL4560187,-1.69
CHEMBL31276,-0.6
CHEMBL3133821,0.36
CHEMBL4846607,-2.29
CHEMBL1828868,-0.46
CHEMBL1683958,-1.82
CHEMBL4076363,-0.71
CHEMBL4555707,-1.64
CHEMBL1242664,-0.76
CHEMBL3939985,-1.16
CHEMBL3647422,-0.88
CHEMBL495979,-1.31
CHEMBL5208416,0.21
CHEMBL4069229,-0.84
CHEMBL1907763,-1.0
CHEMBL215171,-1.99
CHEMBL1242202,-0.72
CHEMBL3219134,-1.53
CHEMBL4067014,-1.27
CHEMBL4171543,-1.15
CHEMBL4159909,-1.68
CHEMBL4800367,-1.26
CHEMBL185686,0.71
CHEMBL53777,-0.58
CHEMBL787,-2.85
CHEMBL1914658,-0.93
CHEMBL1242847,-0.54
CHEMBL384407,-1.9
CHEMBL3965391,-1.17
CHEMBL2148049,-1.98
CHEMBL5169943,-2.17
CHEMBL3671561,-1.05
CHEMBL3134612,-0.97
CHEMBL3765263,-1.46
CHEMBL2381516,-2.54
CHEMBL3655343,-1.05
CHEMBL4060103,-0.91
CHEMBL117554,-0.61
CHEMBL3948546,-0.31
CHEMBL1242567,-0.31
CHEMBL3221560,-0.75
CHEMBL591440,-0.6
CHEMBL3425668,-1.23
CHEMBL3759199,-0.8
CHEMBL338944,-2.09
CHEMBL4227701,-1.33
CHEMBL1683973,-1.35
CHEMBL3098317,-1.47
CHEMBL497804,-1.38
CHEMBL2111784,-1.48
CHEMBL3676356,-0.64
CHEMBL72322,0.44
CHEMBL187007,-1.13
CHEMBL3774578,-1.21
CHEMBL380669,-1.42
CHEMBL5180070,-1.82
CHEMBL135861,-0.77
CHEMBL2048790,-1.21
CHEMBL2283251,0.4
CHEMBL54400,-0.59
CHEMBL2426279,-0.39
CHEMBL1272167,-1.24
CHEMBL3933568,-1.16
CHEMBL591437,-0.24
CHEMBL5218821,-0.06
CHEMBL3740385,-1.42
CHEMBL604992,-1.39
CHEMBL329642,-1.06
CHEMBL1928291,-2.13
CHEMBL4097682,-1.59
CHEMBL4092491,-1.94
CHEMBL1257911,0.27
CHEMBL4556799,-1.27
CHEMBL160935,-2.14
CHEMBL433305,0.49
CHEMBL1090361,-0.37
CHEMBL3942999,-1.28
CHEMBL5186969,-1.81
CHEMBL4286998,0.34
CHEMBL3234751,-2.03
CHEMBL4456494,-2.05
CHEMBL1169870,-0.84
CHEMBL419185,-0.37
CHEMBL3676380,-1.49
CHEMBL4282460,-0.73
CHEMBL3360612,-1.91
CHEMBL505637,-2.79
CHEMBL589590,-0.25
CHEMBL3092312,-1.05
CHEMBL4293690,-0.11
CHEMBL3763701,-1.79
CHEMBL3747407,-1.43
CHEMBL332612,-1.34
CHEMBL4125940,-0.47
CHEMBL3676345,-1.45
CHEMBL3759317,-1.19
CHEMBL346863,-0.03
CHEMBL5201725,-2.14
CHEMBL113863,-2.69
CHEMBL1242748,0.05
CHEMBL2048789,-1.08
CHEMBL358092,-0.58
CHEMBL4068254,0.01
CHEMBL422292,-0.53
CHEMBL2047028,-1.35
CHEMBL500591,-1.48
CHEMBL1944921,0.77
CHEMBL3927914,-0.28
CHEMBL3759478,-1.25
CHEMBL3741473,-1.59
CHEMBL1645469,-0.81
CHEMBL2316152,-0.66
CHEMBL5188857,-1.3
CHEMBL3975710,-1.82
CHEMBL5182553,-1.33
CHEMBL54091,-0.59
CHEMBL3357638,-0.98
CHEMBL3758762,-0.66
CHEMBL5180289,-1.99
CHEMBL1173667,-0.9
CHEMBL202721,-1.11
CHEMBL2426284,-0.02
CHEMBL3752365,0.22
CHEMBL3699617,-1.3
CHEMBL3752008,-1.48
CHEMBL5172251,-1.77
CHEMBL4878421,-1.65
CHEMBL4063067,-1.37
CHEMBL3622664,-0.8
CHEMBL111688,-1.01
CHEMBL4476544,-1.09
CHEMBL1828862,-1.27
CHEMBL411897,-1.13
CHEMBL1812564,-1.02
CHEMBL269620,-2.22
CHEMBL2047242,0.04
CHEMBL292648,-0.09
CHEMBL4216679,0.36
CHEMBL589120,-1.92
CHEMBL552859,-0.61
CHEMBL115187,-1.24
CHEMBL4548481,-1.44
CHEMBL24944,-0.48
CHEMBL3622621,-1.12
CHEMBL4459052,-2.01
CHEMBL1242198,0.23
CHEMBL2437457,-0.09
CHEMBL128759,-0.76
CHEMBL1821884,-1.14
CHEMBL1641991,-0.3
CHEMBL131577,-2.35
CHEMBL2029428,-0.06
CHEMBL65038,-0.57
CHEMBL4791953,-0.02
CHEMBL3133907,-1.24
CHEMBL4103370,-0.43
CHEMBL2424795,-0.9
CHEMBL1946926,-1.25
CHEMBL3759459,-1.59
CHEMBL4436337,-1.11
CHEMBL1928707,-0.91
CHEMBL4878790,-2.77
CHEMBL466412,-1.68
CHEMBL3087201,-0.27
CHEMBL3360620,-1.23
CHEMBL4446953,-1.35
CHEMBL122721,-2.85
CHEMBL51707,-0.75
CHEMBL3746564,-1.83
CHEMBL205783,-0.19
CHEMBL111443,-0.51
CHEMBL31622,-1.08
CHEMBL3297900,-0.68
CHEMBL4468034,-1.14
CHEMBL4283823,-0.56
CHEMBL3416622,-1.21
CHEMBL4064776,-1.64
CHEMBL3741324,-0.29
CHEMBL3628791,-1.02
CHEMBL3982710,-1.75
CHEMBL4790583,-1.67
CHEMBL3746212,-2.6
CHEMBL404405,-1.14
CHEMBL3699604,-0.26
CHEMBL3944572,-0.75
CHEMBL1077085,-2.42
CHEMBL293584,0.15
CHEMBL103860,-0.87
CHEMBL1630115,-1.97
CHEMBL3805509,-0.13
CHEMBL1092382,-0.86
CHEMBL403785,-1.47
CHEMBL204625,-1.39
CHEMBL330668,-2.19
CHEMBL15346,-1.63
CHEMBL3416631,-1.61
CHEMBL1242574,-1.05
CHEMBL516979,-1.54
CHEMBL5187838,-1.22
CHEMBL3355885,-1.94
CHEMBL270924,-0.63
CHEMBL176705,-0.85
CHEMBL501618,-0.98
CHEMBL447365,-1.72
CHEMBL475768,-1.75
CHEMBL4783569,-1.34
CHEMBL4640686,-0.96
CHEMBL4074248,0.23
CHEMBL1172915,-1.15
CHEMBL109631,-2.56
CHEMBL1830269,-0.69
CHEMBL4468924,-1.32
CHEMBL3961532,-0.99
CHEMBL4210237,-0.78
CHEMBL1916949,-0.6
CHEMBL4537790,-3.18
CHEMBL4448424,-1.83
CHEMBL2029431,0.31
CHEMBL91925,-0.93
CHEMBL3671488,-1.55
CHEMBL178306,-1.22
CHEMBL4277911,-1.15
CHEMBL3929448,-1.17
CHEMBL3671537,-1.66
CHEMBL4784777,-1.97
CHEMBL4092990,-1.94
CHEMBL475352,-1.21
CHEMBL3604926,0.12
CHEMBL357367,1.01
CHEMBL1241861,-0.79
CHEMBL4286871,-0.27
CHEMBL3972168,-1.56
CHEMBL1821897,-0.61
CHEMBL188522,-0.39
CHEMBL447850,-2.68
CHEMBL3753886,0.18
CHEMBL1812556,-1.38
CHEMBL2178351,-0.99
CHEMBL4452106,0.02
CHEMBL3758768,-1.03
CHEMBL5204446,-2.98
CHEMBL1829271,-1.17
CHEMBL473427,-1.5
CHEMBL3930539,-0.53
CHEMBL131426,-0.83
CHEMBL137027,-0.59
CHEMBL1929305,-0.24
CHEMBL4579805,-1.25
CHEMBL3671475,-1.25
CHEMBL99024,-1.08
CHEMBL144908,-1.84
CHEMBL591051,-0.05
CHEMBL3297999,-0.64
CHEMBL56201,0.28
CHEMBL4286318,-1.62
CHEMBL5188281,-1.73
CHEMBL382638,-0.85
CHEMBL4753389,-0.54
CHEMBL470010,-2.72
CHEMBL3979264,-1.34
CHEMBL2064386,-1.16
CHEMBL4576032,-2.1
CHEMBL1958034,-0.13
CHEMBL431001,-0.36
CHEMBL3671578,-0.73
CHEMBL4561606,-1.02
CHEMBL589589,-0.98
CHEMBL4204937,-0.72
CHEMBL571809,-1.05
CHEMBL3894726,-1.35
CHEMBL3655350,-1.43
CHEMBL347659,-2.97
CHEMBL1173191,-1.08
CHEMBL461114,-1.35
CHEMBL2029694,-0.86
CHEMBL1095154,-2.05
CHEMBL109212,-0.35
CHEMBL4229266,-1.26
CHEMBL4087383,-1.77
CHEMBL145266,-2.64
CHEMBL3954370,0.16
CHEMBL4089347,-1.55
CHEMBL340508,-0.78
CHEMBL4206288,-1.36
CHEMBL4209588,-1.17
CHEMBL4282954,-0.77
CHEMBL4648271,-1.31
CHEMBL4516232,-1.78
CHEMBL378145,-0.29
CHEMBL4098507,-0.9
CHEMBL128987,-0.53
CHEMBL26641,-0.86
CHEMBL489147,0.02
CHEMBL4535949,-2.18
CHEMBL3740614,-0.11
CHEMBL241919,-0.63
CHEMBL3805039,-0.42
CHEMBL306081,-0.55
CHEMBL4114766,-1.49
CHEMBL4072620,-1.77
CHEMBL52882,-0.19
CHEMBL3092298,-0.91
CHEMBL163369,-1.16
CHEMBL3633933,-0.99
CHEMBL1241490,-1.21
CHEMBL495733,-1.55
CHEMBL52076,-0.54
CHEMBL3325473,-1.41
CHEMBL117804,-0.3
CHEMBL4562744,-0.34
CHEMBL3098322,-1.76
CHEMBL4207305,0.17
CHEMBL606413,-1.63
CHEMBL1914667,-0.75
CHEMBL4060821,0.33
CHEMBL3325479,-2.03
CHEMBL5192155,0.3
CHEMBL89940,0.22
CHEMBL3416599,-0.16
CHEMBL1645464,-1.34
CHEMBL474267,0.14
CHEMBL5203758,-1.04
CHEMBL162821,-0.67
CHEMBL247100,-0.9
CHEMBL52823,0.18
CHEMBL4076515,-2.0
CHEMBL264382,-1.79
CHEMBL3612598,-1.4
CHEMBL511637,-1.52
CHEMBL4204354,0.23
CHEMBL27085,-0.41
CHEMBL2064376,-0.72
CHEMBL4441392,-0.13
CHEMBL2336357,-0.25
CHEMBL109625,-1.41
CHEMBL4226151,-1.02
CHEMBL5191956,-1.01
CHEMBL1945647,-0.42
CHEMBL405771,-0.51
CHEMBL3233773,-1.42
CHEMBL1242656,0.16
CHEMBL122068,0.25
CHEMBL336174,-2.3
CHEMBL510845,-2.13
CHEMBL4640482,-0.2
CHEMBL1821867,-1.22
CHEMBL3639984,-0.81
CHEMBL3612592,-1.41
CHEMBL3903713,-0.06
CHEMBL3622619,-1.21
CHEMBL271410,-0.55
CHEMBL331026,-1.01
CHEMBL3940089,-1.33
CHEMBL1822063,-0.59
CHEMBL2347962,-1.37
CHEMBL3740713,-1.46
CHEMBL1271562,-1.83
CHEMBL1812435,-1.47
CHEMBL599047,-1.67
CHEMBL3416636,-1.71
CHEMBL2048906,-1.53
CHEMBL204570,-2.17
CHEMBL201840,0.71
CHEMBL1172843,-1.36
CHEMBL74778,-0.71
CHEMBL2337371,0.66
CHEMBL4072874,-1.47
CHEMBL4776833,-0.24
CHEMBL5087955,-1.36
CHEMBL152905,-0.38
CHEMBL1241859,-0.45
CHEMBL380006,-1.14
CHEMBL5209094,-1.34
CHEMBL460743,-0.91
CHEMBL4218052,0.02
CHEMBL407591,-0.5
CHEMBL4079658,-1.21
CHEMBL3357635,-0.94
CHEMBL5188250,-0.97
CHEMBL382823,-1.3
CHEMBL4074766,-0.28
CHEMBL4202413,-0.89
CHEMBL1241677,-0.14
CHEMBL57758,-0.85
CHEMBL4078920,-1.31
CHEMBL4780965,-0.69
CHEMBL4861796,-1.44
CHEMBL5178707,-0.57
CHEMBL154580,0.34
CHEMBL4856343,-0.33
CHEMBL1947046,-1.09
CHEMBL3233774,-1.11
CHEMBL5221067,-1.61
CHEMBL954,-1.23
CHEMBL3092306,-0.69
CHEMBL5094406,-0.97
CHEMBL4753193,-1.59
CHEMBL2283256,-0.2
CHEMBL3671496,-1.21
CHEMBL1203935,-1.71
CHEMBL5185287,-0.43
CHEMBL484270,-1.0
CHEMBL4476791,-1.05
CHEMBL3680377,-0.76
CHEMBL2347968,-0.6
CHEMBL380247,-1.7
CHEMBL4476772,-1.1
CHEMBL2021576,-1.16
CHEMBL524820,0.03
CHEMBL32844,-1.09
CHEMBL387265,-1.26
CHEMBL1169856,-0.27
CHEMBL3674152,-1.53
CHEMBL3612595,-1.48
CHEMBL91,-1.81
CHEMBL4787483,-1.5
CHEMBL5081299,-0.82
CHEMBL3980622,-1.36
CHEMBL5203220,-1.8
CHEMBL3758582,-1.3
CHEMBL3676369,-1.16
CHEMBL3699610,0.05
CHEMBL3676387,-1.05
CHEMBL168266,0.17
CHEMBL3940060,-1.63
CHEMBL4744798,-1.61
CHEMBL2064395,-1.2
CHEMBL24137,-1.13
CHEMBL3633939,-0.91
CHEMBL1091613,-0.92
CHEMBL3221558,-0.8
CHEMBL473141,-0.7
CHEMBL56912,-1.33
CHEMBL3747570,-2.34
CHEMBL3746421,-3.74
CHEMBL3805859,-0.55
CHEMBL589068,-1.29
CHEMBL4649833,-1.61
CHEMBL3092301,-0.88
CHEMBL168656,-0.82
CHEMBL5201250,-1.45
CHEMBL1946845,0.39
CHEMBL5208454,-1.98
CHEMBL210660,-0.75
CHEMBL505970,-1.88
CHEMBL4778826,-1.67
CHEMBL540082,-0.08
CHEMBL489349,-0.1
CHEMBL589560,-0.86
CHEMBL4465231,-0.72
CHEMBL1095463,-1.57
CHEMBL3409482,-1.6
CHEMBL3758946,-1.13
CHEMBL425738,-1.4
CHEMBL1242756,-1.54
CHEMBL4862351,-0.91
CHEMBL4435699,-0.73
CHEMBL1958020,-0.83
CHEMBL250132,-1.34
CHEMBL2385980,-2.12
CHEMBL484109,-0.63
CHEMBL3746268,-1.82
CHEMBL4778248,-1.35
CHEMBL3221555,-1.58
CHEMBL3628796,-0.74
CHEMBL2064392,-1.47
CHEMBL3622651,-0.61
CHEMBL431996,0.14
CHEMBL248391,-1.67
CHEMBL3234756,-2.35
CHEMBL76444,0.03
CHEMBL4447982,-1.65
CHEMBL1242112,-0.04
CHEMBL278287,-1.06
CHEMBL4125840,-1.36
CHEMBL589165,-0.19
CHEMBL4453068,-1.16
CHEMBL1945444,-0.92
CHEMBL3915202,-1.65
CHEMBL545541,-0.68
CHEMBL126456,-1.31
CHEMBL31570,-0.66
CHEMBL3416594,-1.26
CHEMBL3937373,-0.33
CHEMBL2047017,-1.38
CHEMBL4791195,-0.74
CHEMBL5208056,-2.07
CHEMBL4464879,-1.27
CHEMBL25610,-0.95
CHEMBL4472983,-1.14
CHEMBL1797418,-0.76
CHEMBL8223,-1.11
CHEMBL4166412,-1.81
CHEMBL3290148,-2.08
CHEMBL3699622,-0.19
CHEMBL172973,-0.42
CHEMBL391779,-1.56
CHEMBL4070454,-0.68
CHEMBL2105717,-0.98
CHEMBL4077956,-1.24
CHEMBL4763315,-1.34
CHEMBL542755,-0.17
CHEMBL1241579,-0.61
CHEMBL5184813,-0.2
CHEMBL5196064,-1.23
CHEMBL1241770,-0.35
CHEMBL1242385,-1.68
CHEMBL334439,-1.67
CHEMBL4439974,-1.0
CHEMBL3655349,-1.81
CHEMBL5199354,-0.42
CHEMBL1242115,-0.8
CHEMBL113900,-1.32
CHEMBL4228176,-1.21
CHEMBL4075103,-1.63
CHEMBL338215,-1.32
CHEMBL3970738,-0.91
CHEMBL110036,-0.79
CHEMBL522134,-0.96
CHEMBL5176897,-1.5
CHEMBL2064398,-0.97
CHEMBL3814445,-1.2
CHEMBL3040566,-1.52
CHEMBL4779711,-0.7
CHEMBL333454,-0.81
CHEMBL3671491,-0.86
CHEMBL3357645,-0.71
CHEMBL3414594,-0.7
CHEMBL212250,-2.71
CHEMBL2029425,-0.15
CHEMBL2335376,-1.83
CHEMBL3671572,-1.3
CHEMBL4097141,-1.64
CHEMBL473747,-0.37
CHEMBL4532034,-1.3
CHEMBL1822064,-2.26
CHEMBL1203938,-0.72
CHEMBL1242288,-0.75
CHEMBL1097368,-1.55
CHEMBL591897,-1.89
CHEMBL3805409,-0.69
CHEMBL4083486,0.07
CHEMBL3263969,-1.38
CHEMBL4744138,-1.44
CHEMBL394057,-2.1
CHEMBL511449,-2.43
CHEMBL14874,-1.78
CHEMBL4794998,-1.15
CHEMBL2018759,-1.25
CHEMBL173478,-0.56
CHEMBL498247,-1.99
CHEMBL3622626,-1.39
CHEMBL434827,-1.08
CHEMBL3357648,-0.98
CHEMBL3923228,-1.38
CHEMBL197640,-1.15
CHEMBL3416603,-0.22
CHEMBL4519470,-0.77
CHEMBL2381508,-3.33
CHEMBL5197952,-1.91
CHEMBL5193772,-1.59
CHEMBL3934461,-1.36
CHEMBL3604938,-0.23
CHEMBL514566,-1.61
CHEMBL4855312,-1.34
CHEMBL4090686,-1.04
CHEMBL3775459,-1.12
CHEMBL498133,-1.44
CHEMBL3759203,-1.48
CHEMBL597948,-0.54
CHEMBL3623278,-0.66
CHEMBL4646415,-0.77
CHEMBL245867,-1.18
CHEMBL5204954,-2.59
CHEMBL3353395,-0.84
CHEMBL3353400,-0.71
CHEMBL2018753,-0.89
CHEMBL4085352,-1.4
CHEMBL2381505,-1.69
CHEMBL2018754,-1.38
CHEMBL4448107,-2.07
CHEMBL6246,-0.07
CHEMBL116547,-0.99
CHEMBL5184539,-2.88
CHEMBL120719,-1.2
CHEMBL1812570,-1.68
CHEMBL3114700,-1.15
CHEMBL4520286,-0.24
CHEMBL3759733,-1.13
CHEMBL270966,-0.61
CHEMBL4865792,-0.35
CHEMBL79206,-1.67
CHEMBL401443,-1.68
CHEMBL19978,-1.1
CHEMBL119923,-1.54
CHEMBL1934629,-1.85
CHEMBL5169349,-0.98
CHEMBL4066170,-1.21
CHEMBL213818,-1.68
CHEMBL359830,-0.02
CHEMBL3671478,-1.26
CHEMBL5176588,-0.12
CHEMBL4851555,-1.44
CHEMBL2018761,-1.59
CHEMBL3908711,-1.95
CHEMBL348116,-0.77
CHEMBL495734,-1.69
CHEMBL168285,0.29
CHEMBL4785528,-0.09
CHEMBL4863294,-1.51
CHEMBL3357642,-0.95
CHEMBL3676351,-1.67
CHEMBL28418,-1.07
CHEMBL308048,0.32
CHEMBL3699587,-0.42
CHEMBL4245415,0.09
CHEMBL2047025,-1.7
CHEMBL4090582,-1.48
CHEMBL3740930,-1.18
CHEMBL114496,-0.84
CHEMBL3663932,-0.7
CHEMBL3426225,-1.05
CHEMBL111520,-0.71
CHEMBL3758990,-1.79
CHEMBL3355888,-1.7
CHEMBL4448148,-0.93
CHEMBL1914655,-0.8
CHEMBL93051,-0.57
CHEMBL5081433,-2.13
CHEMBL1172419,-0.76
CHEMBL4228473,-0.53
CHEMBL4283517,-0.67
CHEMBL3929002,-1.44
CHEMBL4450824,-0.99
CHEMBL3633934,-1.66
CHEMBL94109,-0.96
CHEMBL342828,-1.61
CHEMBL3604935,-0.74
CHEMBL1173249,-0.88
CHEMBL3678950,-1.18
CHEMBL4441037,-1.22
CHEMBL2426290,-0.08
CHEMBL119033,-0.39
CHEMBL5170653,-2.08
CHEMBL566559,-1.59
CHEMBL4473768,-1.71
CHEMBL3933539,-0.71
CHEMBL3741436,-0.49
CHEMBL3957025,-0.88
CHEMBL135902,-0.49
CHEMBL479,-0.07
CHEMBL4097245,-1.82
CHEMBL4563873,-0.81
CHEMBL125920,-1.45
CHEMBL3263964,-1.34
CHEMBL3622669,-1.12
CHEMBL4072383,-0.78
CHEMBL3353407,-0.75
CHEMBL143212,-1.33
CHEMBL485321,-1.76
CHEMBL4441244,-1.07
CHEMBL4639556,-1.05
CHEMBL215033,-2.0
CHEMBL144770,-2.2
CHEMBL3808884,-1.86
CHEMBL3219127,-0.44
CHEMBL194160,-1.7
CHEMBL168382,-0.53
CHEMBL417420,-0.65
CHEMBL3815161,-0.88
CHEMBL1928311,-1.92
CHEMBL3133754,-1.12
CHEMBL1277620,-0.91
CHEMBL3983201,-1.53
CHEMBL293261,-1.9
CHEMBL603198,-0.72
CHEMBL1762110,-2.15
CHEMBL293991,-0.91
CHEMBL4288761,-0.63
CHEMBL4094527,0.11
CHEMBL4863109,-1.06
CHEMBL545006,-1.04
CHEMBL2148044,-1.99
CHEMBL342792,-0.87
CHEMBL525725,-2.21
CHEMBL294395,-1.72
CHEMBL3937303,-1.24
CHEMBL3935007,-0.78
CHEMBL3360606,-1.74
CHEMBL2437471,0.17
CHEMBL299672,-1.01
CHEMBL1821883,-0.97
CHEMBL1173398,-0.76
CHEMBL3655339,-1.55
CHEMBL5081174,-0.88
CHEMBL3623291,-1.16
CHEMBL3763405,-1.71
CHEMBL538798,-0.82
CHEMBL1958216,-0.43
CHEMBL2385964,-1.72
CHEMBL3655344,-1.53
CHEMBL3671505,-1.01
CHEMBL4863913,-1.79
CHEMBL1744086,-1.05
CHEMBL435054,-1.79
CHEMBL3739527,-2.94
CHEMBL4129209,-1.68
CHEMBL136404,0.12
CHEMBL4560430,-1.56
CHEMBL39355,-0.73
CHEMBL133023,-0.74
CHEMBL160207,-1.53
CHEMBL290106,-1.07
CHEMBL165228,-0.06
CHEMBL3355882,-2.76
CHEMBL3922922,-0.8
CHEMBL79704,-1.57
CHEMBL333553,-1.62
CHEMBL168555,-1.42
CHEMBL4559217,-1.54
CHEMBL3938794,-0.16
CHEMBL280998,-0.09
CHEMBL205059,-1.03
CHEMBL4845732,-0.85
CHEMBL3604942,0.05
CHEMBL90540,-0.68
CHEMBL3612571,-1.26
CHEMBL5201054,-0.96
CHEMBL1830131,0.37
CHEMBL4086000,0.19
CHEMBL53555,-0.44
CHEMBL3739586,-2.02
CHEMBL3890526,-1.64
CHEMBL380972,-0.77
CHEMBL2437486,-1.0
CHEMBL2426289,-0.26
CHEMBL186080,-0.51
CHEMBL4855850,-0.8
CHEMBL204085,-1.31
CHEMBL279481,-0.14
CHEMBL597492,-0.84
CHEMBL3699593,-0.45
CHEMBL4096207,-1.39
CHEMBL127082,-0.84
CHEMBL77595,0.38
CHEMBL4780286,-0.8
CHEMBL5088574,-1.53
CHEMBL574058,-1.35
CHEMBL1947125,-1.44
CHEMBL1907764,-0.96
CHEMBL603266,-1.33
CHEMBL555797,-0.85
CHEMBL3956465,0.03
CHEMBL584,-2.36
CHEMBL567873,-1.71
CHEMBL2029436,-0.89
CHEMBL2029441,-1.0
CHEMBL3962343,0.01
CHEMBL2333991,-1.85
CHEMBL3628800,-0.41
CHEMBL3982407,-0.19
CHEMBL3909214,-1.23
CHEMBL207445,-1.45
CHEMBL3930506,-0.22
CHEMBL5202129,-1.95
CHEMBL402294,-1.62
CHEMBL4289682,-0.25
CHEMBL4094647,-0.23
CHEMBL5179954,-1.24
CHEMBL1173789,-1.52
CHEMBL119982,-1.33
CHEMBL593274,-1.61
CHEMBL324045,-0.76
CHEMBL4471491,-2.38
CHEMBL3425657,-1.04
CHEMBL4786168,-0.93
CHEMBL93734,-0.74
CHEMBL3622648,-0.85
CHEMBL5185864,-1.59
CHEMBL333038,-0.43
CHEMBL538909,-0.56
CHEMBL4096980,-2.14
CHEMBL242740,0.17
CHEMBL555201,-0.39
CHEMBL1641996,-0.4
CHEMBL3671547,-1.06
CHEMBL470219,-1.58
CHEMBL4087241,-1.56
CHEMBL1242853,-1.37
CHEMBL5195164,-0.49
CHEMBL110945,-0.4
CHEMBL3699609,-0.48
CHEMBL2385977,-1.89
CHEMBL3335244,-0.7
CHEMBL1241484,-0.43
CHEMBL3930270,-1.9
CHEMBL1173105,-0.37
CHEMBL118205,-2.0
CHEMBL1241583,-0.26
CHEMBL206320,-0.38
CHEMBL4435619,-1.0
CHEMBL471058,-2.27
CHEMBL3219133,-1.83
CHEMBL308582,-0.54
CHEMBL2325106,-0.45
CHEMBL4286943,-1.13
CHEMBL60826,-1.34
CHEMBL3233767,-1.22
CHEMBL320705,-1.29
CHEMBL4586581,-0.89
CHEMBL4225781,-0.95
CHEMBL2426283,0.1
CHEMBL4094174,-1.18
CHEMBL2437468,0.06
CHEMBL4086056,-1.93
CHEMBL591038,-1.37
CHEMBL5093402,-1.38
CHEMBL3087196,-1.23
CHEMBL346716,-3.24
CHEMBL4470236,-1.77
CHEMBL3633774,-1.66
CHEMBL1630112,-2.2
CHEMBL338175,-0.94
CHEMBL490987,-1.28
CHEMBL1830280,-0.33
CHEMBL1958033,-0.44
CHEMBL4474073,-0.73
CHEMBL1934623,-1.65
CHEMBL3903707,-0.0
CHEMBL78206,-1.37
CHEMBL489111,-0.83
CHEMBL3622642,-0.67
CHEMBL4757104,-0.64
CHEMBL5185772,-0.9
CHEMBL383614,-0.7
CHEMBL5206805,-1.04
CHEMBL4125764,-1.56
CHEMBL5182231,-0.53
CHEMBL399373,-2.07
CHEMBL1088931,-0.76
CHEMBL77814,-0.07
CHEMBL338448,-0.8
CHEMBL2086760,-0.62
CHEMBL1910278,0.47
CHEMBL433205,-0.87
CHEMBL488646,-1.38
CHEMBL180022,-1.07
CHEMBL2337362,0.09
CHEMBL2325098,-0.18
CHEMBL4647073,-1.2
CHEMBL4284684,-0.98
CHEMBL4441933,-1.58
CHEMBL1914674,-0.74
CHEMBL3671523,-1.45
CHEMBL4759697,-1.86
CHEMBL2408828,-1.22
CHEMBL351629,-1.0
CHEMBL3586176,-2.43
CHEMBL3416438,-1.18
CHEMBL3763360,-0.96
CHEMBL497803,-1.44
CHEMBL1095130,-1.83
CHEMBL3752129,-0.81
CHEMBL2312303,-1.17
CHEMBL173453,-0.54
CHEMBL3671554,-1.48
CHEMBL257814,-1.67
CHEMBL4227210,-0.79
CHEMBL111586,-0.02
CHEMBL3628907,-1.2
CHEMBL4794857,-0.8
CHEMBL1683955,-1.0
CHEMBL4787816,-1.44
CHEMBL3355875,-1.85
CHEMBL3951099,-1.93
CHEMBL4441029,-0.85
CHEMBL3357651,-1.1
CHEMBL31419,-0.91
CHEMBL1929302,0.31
CHEMBL4170935,-1.73
CHEMBL248115,-1.1
CHEMBL3805584,-0.5
CHEMBL2048797,-1.46
CHEMBL2029699,-0.3
CHEMBL5200783,-1.39
CHEMBL2047245,-0.49
CHEMBL4106341,0.75
CHEMBL3676370,-1.54
CHEMBL2425093,-1.0
CHEMBL4535047,-1.15
CHEMBL202621,-1.3
CHEMBL4875332,-1.66
CHEMBL3671485,-1.42
CHEMBL2031304,-0.58
CHEMBL592210,-0.66
CHEMBL589259,-0.39
CHEMBL54784,-0.18
CHEMBL169467,-0.71
CHEMBL1242033,-1.8
CHEMBL3799428,-0.35
CHEMBL1173250,-0.77
CHEMBL207815,-1.35
CHEMBL5187605,-1.78
CHEMBL4086559,-1.63
CHEMBL3416625,-1.35
CHEMBL3344220,-1.58
CHEMBL69966,-1.7
CHEMBL1242663,-1.71
CHEMBL3233783,-1.19
CHEMBL4456976,-0.31
CHEMBL3940401,-1.2
CHEMBL1821874,-0.9
CHEMBL500217,-1.78
CHEMBL243629,-0.79
CHEMBL2070201,-0.9
CHEMBL137635,-0.94
CHEMBL1821890,-0.14
CHEMBL2064400,-0.76
CHEMBL122522,-0.57
CHEMBL367442,-0.55
CHEMBL3671566,-1.05
CHEMBL3092315,-0.64
CHEMBL75880,-0.74
CHEMBL4098587,-1.6
CHEMBL4643903,-0.73
CHEMBL311133,-2.11
CHEMBL392774,-1.64
CHEMBL48650,0.56
CHEMBL461795,-1.32
CHEMBL336264,-1.09
CHEMBL296419,-1.21
CHEMBL432428,-1.7
CHEMBL4065984,-0.88
CHEMBL3114687,-0.95
CHEMBL3972316,-0.66
CHEMBL121954,-1.74
CHEMBL2283245,-0.04
CHEMBL2324872,-0.55
CHEMBL412367,-1.16
CHEMBL270713,-0.53
CHEMBL8095,-0.24
CHEMBL3740923,-1.37
CHEMBL4073874,-0.41
CHEMBL514771,-1.15
CHEMBL458997,-0.3
CHEMBL590559,-1.59
CHEMBL4453748,-1.19
CHEMBL3663921,-0.3
CHEMBL1958039,-0.62
CHEMBL3233789,-1.02
CHEMBL597708,-0.63
CHEMBL3344212,-1.42
CHEMBL391521,-1.79
CHEMBL49596,-1.1
CHEMBL3344218,-2.27
CHEMBL169065,-1.23
CHEMBL3403513,-0.56
CHEMBL4226177,-1.19
CHEMBL3221546,-0.76
CHEMBL2424804,-0.99
CHEMBL5208825,-0.46
CHEMBL1173262,-0.68
CHEMBL4577883,-0.99
CHEMBL596754,-1.12
CHEMBL4082724,-1.92
CHEMBL3800448,-0.01
CHEMBL14952,-1.48
CHEMBL461113,-1.42
CHEMBL144589,-1.53
CHEMBL4522594,-0.96
CHEMBL45068,-0.62
CHEMBL4078023,-0.73
CHEMBL517585,-1.61
CHEMBL3904257,-0.98
CHEMBL3676394,-1.17
CHEMBL1828881,-1.49
CHEMBL3360615,-1.9
CHEMBL5193128,-1.63
CHEMBL1081849,-1.16
CHEMBL2316146,-0.73
CHEMBL3622670,-0.95
CHEMBL161226,-0.27
CHEMBL3981551,-0.85
CHEMBL3962233,-0.87
CHEMBL355019,-0.62
CHEMBL4072048,0.06
CHEMBL3237937,-1.36
CHEMBL3985086,-0.56
CHEMBL1944926,0.35
CHEMBL4100647,-0.88
CHEMBL1080271,-2.11
CHEMBL250524,-1.64
CHEMBL4575374,-0.73
CHEMBL1630118,-1.67
CHEMBL4851176,-1.91
CHEMBL4068092,-1.73
CHEMBL5195904,-1.2
CHEMBL7810,0.13
CHEMBL4434924,-1.09
CHEMBL2381511,-2.6
CHEMBL22978,-0.27
CHEMBL4099008,0.01
CHEMBL4744973,-1.11
CHEMBL345294,-0.56
CHEMBL169780,0.24
CHEMBL4228120,-1.71
CHEMBL474142,-0.67
CHEMBL4095623,-0.66
CHEMBL3970330,-1.14
CHEMBL424302,-2.03
CHEMBL4798527,-1.12
CHEMBL206029,-2.63
CHEMBL599728,-1.29
CHEMBL4467561,-1.63
CHEMBL4102214,-0.92
CHEMBL3671511,-1.13
CHEMBL4570293,-1.3
CHEMBL332765,-1.43
CHEMBL3613702,-1.44
CHEMBL4080711,-0.87
CHEMBL602645,-1.12
CHEMBL3678949,-1.26
CHEMBL497459,-1.3
CHEMBL4741678,-1.24
CHEMBL4175045,-1.04
CHEMBL1173023,-0.85
CHEMBL2312649,-0.03
CHEMBL1812569,-1.48
CHEMBL79215,-1.92
CHEMBL184750,-1.85
CHEMBL489306,-1.01
CHEMBL4102179,-1.29
CHEMBL4060919,-0.55
CHEMBL298637,-0.75
CHEMBL4787536,-1.03
CHEMBL4173696,-1.25
CHEMBL126137,-0.61
CHEMBL4100759,-1.01
CHEMBL1828876,-1.17
CHEMBL2348415,-1.43
CHEMBL4746488,-0.71
CHEMBL1234815,-1.77
CHEMBL609321,-0.86
CHEMBL4071151,-0.07
CHEMBL355322,-1.05
CHEMBL3899132,-1.46
CHEMBL165547,-0.89
CHEMBL3894076,0.13
CHEMBL1173652,-1.46
CHEMBL270975,-1.06
CHEMBL5205583,-1.03
CHEMBL4073960,-0.91
CHEMBL443098,-1.4
CHEMBL544770,-0.75
CHEMBL510730,-2.49
CHEMBL3297899,-0.43
CHEMBL326100,-1.43
CHEMBL4278997,0.09
CHEMBL1645477,-1.12
CHEMBL4226676,-1.4
CHEMBL4448712,-0.9
CHEMBL307062,0.47
CHEMBL4278325,-0.81
CHEMBL3797606,0.11
CHEMBL1242573,-0.23
CHEMBL1241680,-0.38
CHEMBL5172245,-1.69
CHEMBL3671530,-1.36
CHEMBL513716,-1.79
CHEMBL595406,-1.68
CHEMBL4062877,-1.59
CHEMBL52829,-0.82
CHEMBL3949347,-0.71
CHEMBL4094471,-0.41
CHEMBL453398,-1.63
CHEMBL3753532,-0.86
CHEMBL1934630,-1.56
CHEMBL3297893,-0.66
CHEMBL1173783,-1.76
CHEMBL242131,-1.04
CHEMBL1173815,-0.6
CHEMBL4445015,-2.26
CHEMBL424375,-0.66
CHEMBL4864983,-1.14
CHEMBL4755832,-0.86
CHEMBL1683967,-1.59
CHEMBL1928947,-1.48
CHEMBL202425,-1.01
CHEMBL3263364,-0.27
CHEMBL432738,-2.1
CHEMBL4748149,-1.37
CHEMBL4209119,-0.71
CHEMBL3919447,-0.81
CHEMBL2347971,-0.98
CHEMBL366580,0.09
CHEMBL3040910,-0.96
CHEMBL5084983,-1.61
CHEMBL78249,-0.68
CHEMBL323900,-0.79
CHEMBL5199106,-1.22
CHEMBL176702,-0.67
CHEMBL3741490,-1.05
CHEMBL505705,-1.91
CHEMBL1619395,0.39
CHEMBL379601,-1.13
CHEMBL3943512,-1.11
CHEMBL382186,-0.94
CHEMBL4290812,-0.63
CHEMBL4465727,-1.51
CHEMBL2334002,-0.75
CHEMBL4874550,-2.18
CHEMBL3671529,-1.19
CHEMBL2437462,-0.41
CHEMBL193681,-1.56
CHEMBL590524,-0.45
CHEMBL3436356,-1.58
CHEMBL3623285,-0.81
CHEMBL3936505,-1.41
CHEMBL5092606,0.32
CHEMBL1081312,-0.72
CHEMBL363607,-0.15
CHEMBL492399,-0.67
CHEMBL2325092,-0.74
CHEMBL4216265,-0.7
CHEMBL5185036,-1.14
CHEMBL1929308,-0.56
CHEMBL2435999,-1.47
CHEMBL111197,-2.12
CHEMBL262276,-0.67
CHEMBL2029693,-0.77
CHEMBL5218754,-0.58
CHEMBL217536,-0.77
CHEMBL599398,-1.11
CHEMBL4638857,0.37
CHEMBL4791756,-1.21
CHEMBL165508,-1.23
CHEMBL4207316,-1.06
CHEMBL5206902,-2.27
CHEMBL4099445,-1.58
CHEMBL2337368,0.32
CHEMBL4525168,-1.8
CHEMBL1173456,-0.6
CHEMBL1172957,0.37
CHEMBL1094784,-2.17
CHEMBL1830264,-0.33
CHEMBL1945450,-0.42
CHEMBL4778894,-1.09
CHEMBL3814320,-1.17
CHEMBL3237940,-1.97
CHEMBL4241867,-0.71
CHEMBL5184084,-1.59
CHEMBL3604919,-0.26
CHEMBL1080815,0.13
CHEMBL3676348,-0.95
CHEMBL110055,-0.75
CHEMBL3699599,-1.25
CHEMBL3234745,-2.99
CHEMBL212201,-2.3
CHEMBL354310,-0.55
CHEMBL4165894,-0.97
CHEMBL206783,-0.92
CHEMBL283201,-2.04
CHEMBL3934556,-1.34
CHEMBL4060198,-1.41
CHEMBL3799345,-0.95
CHEMBL3622653,-0.84
CHEMBL5205581,-1.82
CHEMBL2385959,-1.71
CHEMBL248864,-0.62
CHEMBL3921710,-0.79
CHEMBL3416633,-1.43
CHEMBL4780855,-0.29
CHEMBL217090,-0.66
CHEMBL1272006,-0.16
CHEMBL4067556,-0.06
CHEMBL3678952,-1.2
CHEMBL4206716,-1.26
CHEMBL4109796,-0.93
CHEMBL481789,-0.9
CHEMBL53753,-0.25
CHEMBL137788,-0.39
CHEMBL3986363,-0.49
CHEMBL346770,-3.05
CHEMBL1241270,-0.03
CHEMBL3671548,-1.14
CHEMBL1830275,-0.58
CHEMBL3325471,-1.17
CHEMBL3921129,-1.32
CHEMBL3360604,-1.88
CHEMBL340862,-1.61
CHEMBL3894938,-1.01
CHEMBL2336358,0.24
CHEMBL589832,-0.97
CHEMBL162034,-0.73
CHEMBL523122,-0.61
CHEMBL5206775,-1.92
CHEMBL418909,-2.13
CHEMBL1821881,-0.47
CHEMBL4079566,-0.89
CHEMBL4205869,0.13
CHEMBL4529521,-1.16
CHEMBL4098967,-1.84
CHEMBL1821862,-0.87
CHEMBL4800697,-1.22
CHEMBL3747776,-2.91
CHEMBL349070,-1.09
CHEMBL461426,-1.39
CHEMBL4164805,-1.09
CHEMBL5093625,-1.39
CHEMBL246898,-1.65
CHEMBL1934621,-1.46
CHEMBL1934626,-1.47
CHEMBL93784,-1.35
CHEMBL3898690,-0.97
CHEMBL5195912,-1.66
CHEMBL4079768,-2.23
CHEMBL2152704,-1.08
CHEMBL4755988,0.3
CHEMBL4757531,-1.22
CHEMBL2093928,-0.67
CHEMBL3098312,-1.04
CHEMBL208118,-1.1
CHEMBL3741399,-3.0
CHEMBL4462528,-0.77
CHEMBL74645,-0.57
CHEMBL1171273,-0.46
CHEMBL3671538,-1.18
CHEMBL326318,-1.07
CHEMBL4069003,-1.9
CHEMBL215814,-1.91
CHEMBL169200,-0.66
CHEMBL4750368,-0.04
CHEMBL3828079,-1.35
CHEMBL5174995,-0.46
CHEMBL2048909,-2.04
CHEMBL3608430,0.15
CHEMBL332333,-0.27
CHEMBL1080990,-1.16
CHEMBL257872,-0.9
CHEMBL5193247,-1.64
CHEMBL3416606,-0.15
CHEMBL504034,-2.62
CHEMBL2029427,0.2
CHEMBL5208312,-1.52
CHEMBL4850856,-1.34
CHEMBL4096329,-0.28
CHEMBL3622629,-0.72
CHEMBL3676385,-1.37
CHEMBL4285217,-0.14
CHEMBL3982014,-1.08
CHEMBL3604930,0.45
CHEMBL5082422,-1.17
CHEMBL3040806,-0.72
CHEMBL437879,-1.13
CHEMBL1830272,-0.33
CHEMBL92812,-0.61
CHEMBL4877510,-1.53
CHEMBL1254444,-1.01
CHEMBL2442327,-0.77
CHEMBL1928711,-0.75
CHEMBL4858714,-0.35
CHEMBL490780,-0.38
CHEMBL3799332,-2.68
CHEMBL516487,-1.32
CHEMBL73710,-0.08
CHEMBL3133896,-1.65
CHEMBL3416634,-1.49
CHEMBL1812491,-0.12
CHEMBL5207083,-1.49
CHEMBL124618,0.0
CHEMBL497697,-1.48
CHEMBL4437863,-2.55
CHEMBL2064374,-1.07
CHEMBL3671535,-1.4
CHEMBL489107,-1.18
CHEMBL3676361,-1.2
CHEMBL3894623,-1.18
CHEMBL1828860,-1.28
CHEMBL3905411,-0.43
CHEMBL225721,-1.72
CHEMBL343722,-0.99
CHEMBL447720,-1.8
CHEMBL1242845,-0.83
CHEMBL4067514,-1.4
CHEMBL5169547,-1.47
CHEMBL4516635,-1.06
CHEMBL3663930,-0.73
CHEMBL3087194,-1.34
CHEMBL5206444,-2.32
CHEMBL4439933,-1.13
CHEMBL4570484,-0.39
CHEMBL490687,-1.04
CHEMBL490510,-1.95
CHEMBL176891,-0.65
CHEMBL1241439,-0.16
CHEMBL5079430,-1.7
CHEMBL1242117,-1.59
CHEMBL437890,-1.52
CHEMBL185327,-1.29
CHEMBL1828884,-1.09
CHEMBL3133756,-1.3
CHEMBL2425088,-1.23
CHEMBL3678960,-0.53
CHEMBL2437474,-0.25
CHEMBL56505,-1.45
CHEMBL4067871,-3.04
CHEMBL5203267,-0.87
CHEMBL1914665,-1.14
CHEMBL5204270,-1.88
CHEMBL2064390,-1.08
CHEMBL2325110,-0.58
CHEMBL5207152,-1.24
CHEMBL136492,-0.37
CHEMBL5201973,-1.17
CHEMBL5183327,0.09
CHEMBL3818062,-1.05
CHEMBL1173397,-0.86
CHEMBL117710,-0.25
CHEMBL251124,-2.1
CHEMBL3806213,-0.32
CHEMBL479800,-1.26
CHEMBL405398,-0.24
CHEMBL4569508,-1.26
CHEMBL3087209,-1.43
CHEMBL3360603,-1.37
CHEMBL4162767,-1.55
CHEMBL207718,-1.19
CHEMBL20926,-0.94
CHEMBL4469900,-0.61
CHEMBL3741796,0.08
CHEMBL402452,-0.34
CHEMBL1202473,-1.24
CHEMBL3774609,-1.03
CHEMBL5207462,-1.23
CHEMBL1683971,-1.48
CHEMBL4171764,-0.19
CHEMBL604485,-1.57
CHEMBL3671542,-1.45
CHEMBL4793338,-1.61
CHEMBL3297896,-0.78
CHEMBL2047020,-0.98
CHEMBL3676382,-1.82
CHEMBL5197545,-1.67
CHEMBL1172781,-0.85
CHEMBL231885,-1.71
CHEMBL1641994,-0.65
CHEMBL470012,-1.65
CHEMBL1830278,-0.49
CHEMBL116438,-1.07
CHEMBL3622654,-0.97
CHEMBL523586,-0.76
CHEMBL308339,0.25
CHEMBL3087204,-1.35
CHEMBL3902576,0.32
CHEMBL4086078,-0.67
CHEMBL47173,0.64
CHEMBL5181487,-1.27
CHEMBL7939,-0.47
CHEMBL4855080,-1.32
CHEMBL2048903,-1.41
CHEMBL294475,-0.91
CHEMBL87746,-0.11
CHEMBL514016,-1.3
CHEMBL1241864,-0.99
CHEMBL308593,-0.61
CHEMBL3805299,-1.1
CHEMBL592201,-0.86
CHEMBL4276842,0.33
CHEMBL4473365,-1.54
CHEMBL3799956,-0.91
CHEMBL435809,-0.61
CHEMBL3680378,-0.75
CHEMBL3234753,-2.35
CHEMBL3087199,-0.88
CHEMBL4530987,-1.16
CHEMBL4557772,-1.36
CHEMBL3902778,-1.92
CHEMBL121796,-0.64
CHEMBL1958221,-0.8
CHEMBL119708,-0.24
CHEMBL270696,-0.72
CHEMBL570918,-1.14
CHEMBL3678958,-0.82
CHEMBL1928716,-1.12
CHEMBL4286241,-0.37
CHEMBL4543893,-1.24
CHEMBL309625,-0.78
CHEMBL137364,-0.95
CHEMBL328277,-1.12
CHEMBL441518,-1.32
CHEMBL3085374,-1.51
CHEMBL336192,-2.09
CHEMBL4749342,-0.99
CHEMBL544067,-1.14
CHEMBL2420866,-0.66
CHEMBL4439066,-1.21
CHEMBL516365,-1.18
CHEMBL4086731,-0.55
CHEMBL2442320,0.02
CHEMBL450786,-2.5
CHEMBL4765122,-0.58
CHEMBL3753874,-0.65
CHEMBL4293734,-1.18
CHEMBL347282,-0.43
CHEMBL1641993,-0.77
CHEMBL3586189,-2.16
CHEMBL5196024,-0.6
CHEMBL382073,-1.13
CHEMBL2087358,-1.4
CHEMBL3929922,-1.47
CHEMBL4215080,-1.65
CHEMBL2309506,-1.21
CHEMBL51659,0.08
CHEMBL3092309,-0.55
CHEMBL271623,-0.8
CHEMBL4740573,-1.28
CHEMBL203219,-0.29
CHEMBL93386,-1.61
CHEMBL1958025,-0.4
CHEMBL1240565,-0.68
CHEMBL4758107,-1.1
CHEMBL205765,-1.68
CHEMBL4116552,-0.41
CHEMBL4587847,-0.91
CHEMBL4861707,-0.63
CHEMBL2283253,0.41
CHEMBL3663937,-0.83
CHEMBL1914461,-1.12
CHEMBL553351,-0.14
CHEMBL4098591,-1.25
CHEMBL3818115,-1.11
CHEMBL1243345,-1.1
CHEMBL56142,-0.8
CHEMBL94431,-0.61
CHEMBL3133751,-0.84
CHEMBL4475780,-0.87
CHEMBL2325089,-0.47
CHEMBL3740907,-0.5
CHEMBL475594,-1.47
CHEMBL109355,-0.92
CHEMBL4279016,-1.17
CHEMBL566350,-1.91
CHEMBL3416437,-1.38
CHEMBL309016,0.25
CHEMBL3087193,-1.27
CHEMBL3818015,-0.94
CHEMBL4527443,-0.44
CHEMBL357400,-2.39
CHEMBL3972605,-1.59
CHEMBL4073912,-1.35
CHEMBL4292715,-0.51
CHEMBL57553,0.46
CHEMBL3797839,0.26
CHEMBL126974,-1.36
CHEMBL1242468,-0.15
CHEMBL498248,-0.33
CHEMBL3758758,-1.02
CHEMBL3133905,-1.41
CHEMBL3903870,-1.29
CHEMBL3133908,-1.56
CHEMBL3098318,-0.58
CHEMBL57712,0.13
CHEMBL590962,-0.11
CHEMBL3325476,-0.93
CHEMBL286160,-0.78
CHEMBL336409,-2.08
CHEMBL4129646,-0.92
CHEMBL3760082,-1.02
CHEMBL157304,-1.31
CHEMBL455433,-1.51
CHEMBL507329,-1.81
CHEMBL3741245,-0.01
CHEMBL1821865,-1.2
CHEMBL4552482,-1.82
CHEMBL2312652,-0.24
CHEMBL2437479,0.01
CHEMBL3680375,-0.97
CHEMBL4227201,-1.81
CHEMBL126903,-0.85
CHEMBL325981,-0.43
CHEMBL4170916,-0.69
CHEMBL2031312,-0.72
CHEMBL3676366,-1.27
CHEMBL4756020,-1.3
CHEMBL1914662,-0.86
CHEMBL206955,-1.31
CHEMBL120319,-1.42
CHEMBL1914668,-0.74
CHEMBL4527702,-1.01
CHEMBL4440618,-0.53
CHEMBL3671532,-1.32
CHEMBL247709,-1.04
CHEMBL4126630,-0.35
CHEMBL4229213,-1.81
CHEMBL3622659,-0.81
CHEMBL119987,-1.46
CHEMBL5169346,-1.52
CHEMBL111664,-0.11
CHEMBL1828883,-1.4
CHEMBL89723,-0.04
CHEMBL4105526,-0.32
CHEMBL1242661,-0.33
CHEMBL3622624,-0.7
CHEMBL1173193,-0.74
CHEMBL452768,-2.56
CHEMBL5083034,-1.8
CHEMBL507714,-1.55
CHEMBL251123,-0.88
CHEMBL503755,-0.04
CHEMBL3671545,-1.68
CHEMBL4062509,-0.69
CHEMBL4069277,-2.17
CHEMBL501368,0.38
CHEMBL604879,-0.05
CHEMBL5084760,-0.83
CHEMBL453379,-1.2
CHEMBL3092304,-1.03
CHEMBL570709,-1.28
CHEMBL2087352,-0.81
CHEMBL1242848,0.28
CHEMBL123046,-0.83
CHEMBL3297891,-0.39
CHEMBL168661,-1.14
CHEMBL172514,-0.53
CHEMBL4062192,-1.29
CHEMBL3814447,-0.95
CHEMBL3425673,0.08
CHEMBL1242666,-1.57
CHEMBL196018,-0.36
CHEMBL3353397,-0.64
CHEMBL3263959,-1.57
CHEMBL3085379,-1.86
CHEMBL4759650,-2.3
CHEMBL122785,-1.53
CHEMBL4083467,0.28
CHEMBL171545,0.13
CHEMBL4439053,-2.1
CHEMBL1077069,-2.63
CHEMBL5209075,-1.17
CHEMBL291313,0.14
CHEMBL255656,-1.53
CHEMBL4217686,0.18
CHEMBL4588786,-2.01
CHEMBL94275,-0.71
CHEMBL3360609,-1.92
CHEMBL3752825,-0.39
CHEMBL333082,-0.71
CHEMBL4516916,-0.46
CHEMBL4568087,-1.03
CHEMBL1828867,-0.73
CHEMBL3133902,-1.27
CHEMBL1241863,-1.36
CHEMBL104,-2.18
CHEMBL175409,-1.29
CHEMBL5086054,-0.47
CHEMBL1760057,-0.54
CHEMBL1821868,-1.28
CHEMBL3975588,0.5
CHEMBL611681,-1.02
CHEMBL428741,-0.99
CHEMBL4282543,-1.18
CHEMBL368891,0.6
CHEMBL1929307,-1.6
CHEMBL4639459,-1.08
CHEMBL1956886,-2.08
CHEMBL213007,-1.27
CHEMBL4084868,-1.09
CHEMBL97162,-1.29
CHEMBL3758939,-1.27
CHEMBL1241300,-0.2
CHEMBL372523,-1.87
CHEMBL270921,-0.26
CHEMBL402316,-1.65
CHEMBL3612573,-1.22
CHEMBL480349,-1.75
CHEMBL2283259,0.13
CHEMBL4858583,-1.28
CHEMBL4290355,-0.93
CHEMBL4447036,-0.72
CHEMBL4087268,-1.51
CHEMBL4634127,-1.21
CHEMBL5183286,-1.93
CHEMBL2425085,-1.15
CHEMBL1958028,-0.5
CHEMBL4095195,-0.21
CHEMBL1242028,-0.2
CHEMBL4294264,-1.48
CHEMBL3760023,-1.03
CHEMBL3639703,-1.56
CHEMBL1094194,-1.53
CHEMBL3628799,-0.69
CHEMBL2047027,-0.92
CHEMBL2087355,-0.99
CHEMBL524132,-0.84
CHEMBL2347231,0.32
CHEMBL118321,-1.17
CHEMBL5178571,-1.89
CHEMBL4441440,-1.02
CHEMBL5087815,-1.35
CHEMBL105436,-1.23
CHEMBL5205022,-0.7
CHEMBL3969628,-1.08
CHEMBL2018751,-0.8
CHEMBL4786003,-1.25
CHEMBL591053,-0.08
CHEMBL4872030,-1.63
CHEMBL5179214,-1.72
CHEMBL3742060,-1.98
CHEMBL3958482,-1.07
CHEMBL4460261,-1.01
CHEMBL5193149,-1.42
CHEMBL293251,-2.54
CHEMBL1812572,-1.59
CHEMBL3416447,-1.1
CHEMBL4095071,-1.12
CHEMBL3827349,-2.0
CHEMBL434828,-0.46
CHEMBL4104950,-2.05
CHEMBL3893810,-1.07
CHEMBL2148046,-1.56
CHEMBL3753461,-0.12
CHEMBL3699582,0.19
CHEMBL1241299,-0.62
CHEMBL65250,-1.1
CHEMBL578255,-1.73
CHEMBL473748,-0.72
CHEMBL433520,-1.27
CHEMBL460746,-1.23
CHEMBL5095068,-0.67
CHEMBL3671499,-1.18
CHEMBL4082764,-0.83
CHEMBL483233,-1.53
CHEMBL5209545,-1.71
CHEMBL4214620,-0.9
CHEMBL4293145,-1.41
CHEMBL926,-1.22
CHEMBL3263378,-0.33
CHEMBL93783,-0.88
CHEMBL505896,-1.81
CHEMBL1172803,-1.41
CHEMBL4532084,-2.54
CHEMBL431977,-1.56
CHEMBL1098120,-1.37
CHEMBL4225191,-0.95
CHEMBL1821895,-0.63
CHEMBL132466,-0.3
CHEMBL271122,-0.61
CHEMBL109575,-1.03
CHEMBL5181469,-1.16
CHEMBL1241678,-0.54
CHEMBL4210550,-0.71
CHEMBL4514452,-0.65
CHEMBL53637,-0.6
CHEMBL155389,-0.28
CHEMBL1172917,-0.73
CHEMBL73625,-0.63
CHEMBL299707,-0.94
CHEMBL5180839,-2.28
CHEMBL3805893,-1.35
CHEMBL3975990,-1.46
CHEMBL3655341,-2.82
CHEMBL300491,0.08
CHEMBL379047,-1.09
CHEMBL4097770,-1.19
CHEMBL1944930,0.91
CHEMBL340660,-1.26
CHEMBL1945648,-1.36
CHEMBL324371,-0.22
CHEMBL1958213,-0.57
CHEMBL1821871,-1.66
CHEMBL225929,-1.28
CHEMBL3828269,-0.38
CHEMBL299763,-0.63
CHEMBL76985,-0.13
CHEMBL3623280,-0.6
CHEMBL355191,-0.27
CHEMBL430571,-1.0
CHEMBL1817964,-2.8
CHEMBL4084249,-1.22
CHEMBL3964380,-1.3
CHEMBL3233771,-1.45
CHEMBL3759725,-1.5
CHEMBL7981,-0.06
CHEMBL157952,-2.56
CHEMBL598164,-1.01
CHEMBL453336,-1.61
CHEMBL5195137,-1.09
CHEMBL1683962,-1.74
CHEMBL163168,-1.03
CHEMBL2180203,-1.95
CHEMBL3671477,-1.55
CHEMBL3235200,-1.03
CHEMBL293913,-2.98
CHEMBL4571687,-0.91
CHEMBL3699615,-0.97
CHEMBL4226965,-0.38
CHEMBL4593230,-0.9
CHEMBL2385985,-0.83
CHEMBL3930316,-0.65
CHEMBL4215496,-1.68
CHEMBL3946096,-2.32
CHEMBL92731,-1.08
CHEMBL4448494,-1.18
CHEMBL293090,-0.64
CHEMBL539102,0.31
CHEMBL3900264,-0.41
CHEMBL4071494,-0.56
CHEMBL357161,-3.41
CHEMBL1242753,-1.32
CHEMBL1254443,-0.77
CHEMBL3671526,-1.38
CHEMBL3622630,-0.77
CHEMBL7002,-0.81
CHEMBL4211835,-1.02
CHEMBL3806248,-0.3
CHEMBL4100777,-1.42
CHEMBL2437224,-1.76
CHEMBL246072,-0.85
CHEMBL336410,-4.17
CHEMBL2381507,-2.53
CHEMBL186580,-1.92
CHEMBL3759257,-0.9
CHEMBL5086066,-0.95
CHEMBL1958036,-0.53
CHEMBL3805280,-0.51
CHEMBL4213146,-0.1
CHEMBL4434788,-0.83
CHEMBL4849268,-2.25
CHEMBL401930,-0.75
CHEMBL4289490,-1.06
CHEMBL434063,-3.58
CHEMBL455434,-1.61
CHEMBL2018756,-1.11
CHEMBL207246,-1.11
CHEMBL54475,-0.33
CHEMBL1173665,-1.13
CHEMBL296582,0.55
CHEMBL210502,-1.36
CHEMBL309075,-0.99
CHEMBL515082,-1.72
CHEMBL4102288,-1.22
CHEMBL1946847,0.47
CHEMBL4852264,-1.15
CHEMBL205045,-1.5
CHEMBL4171115,-1.76
CHEMBL1084117,-1.39
CHEMBL121190,0.25
CHEMBL1998736,0.15
CHEMBL4164396,-1.63
CHEMBL325760,-1.55
CHEMBL3628816,0.66
CHEMBL309392,-2.03
CHEMBL3436359,-1.57
CHEMBL4871569,0.54
CHEMBL220037,-0.83
CHEMBL474343,-1.29
CHEMBL3298000,-0.02
CHEMBL4125772,0.35
CHEMBL1828873,-0.93
CHEMBL3759986,-1.35
CHEMBL3671493,-1.37
CHEMBL81664,-1.17
CHEMBL5176129,-0.72
CHEMBL4278886,-1.65
CHEMBL368278,0.16
CHEMBL4755651,-0.32
CHEMBL544074,-1.27
CHEMBL469355,-1.39
CHEMBL4753008,-1.75
CHEMBL4286733,-1.8
CHEMBL1958219,-0.76
CHEMBL3604924,-0.31
CHEMBL1914671,-0.7
CHEMBL3237938,-0.89
CHEMBL5208349,-1.58
CHEMBL3968839,-1.35
CHEMBL394462,-1.13
CHEMBL446019,-0.79
CHEMBL499345,-1.75
CHEMBL3805654,-0.71
CHEMBL2312646,-0.11
CHEMBL181275,-0.4
CHEMBL1242109,-0.51
CHEMBL50415,0.62
CHEMBL5094288,-0.38
CHEMBL5172573,-1.53
CHEMBL3956112,-0.67
CHEMBL3967219,-0.65
CHEMBL4752843,-1.25
CHEMBL92398,-0.5
CHEMBL4525935,-2.41
CHEMBL2047018,-1.46
CHEMBL4093535,-1.66
CHEMBL7827,-0.29
CHEMBL3926223,-0.27
CHEMBL56502,-0.87
CHEMBL382041,-0.2
CHEMBL4282688,-1.03
CHEMBL4645726,0.24
CHEMBL5181037,0.57
CHEMBL2064384,-1.56
CHEMBL247513,-1.61
CHEMBL4279227,-0.53
CHEMBL2325103,-1.16
CHEMBL2437483,-0.64
CHEMBL453502,-2.1
CHEMBL332906,-0.89
CHEMBL205776,-0.51
CHEMBL2347967,-1.15
CHEMBL4454516,-1.48
CHEMBL3612574,-1.43
CHEMBL3671551,-1.09
CHEMBL31373,-1.1
CHEMBL1094825,-2.73
CHEMBL3678955,-0.93
CHEMBL499534,-1.58
CHEMBL512076,-1.85
CHEMBL517123,-1.64
CHEMBL1830259,-0.58
CHEMBL3416612,-0.32
CHEMBL3088223,-1.17
CHEMBL4071463,-1.46
CHEMBL554983,-1.34
CHEMBL3397276,-1.5
CHEMBL325949,0.37
CHEMBL4061473,-0.87
CHEMBL1241775,-1.06
CHEMBL3937949,-0.09
CHEMBL3234740,-1.94
CHEMBL3297816,0.53
CHEMBL56936,-1.07
CHEMBL248877,-0.79
CHEMBL3893822,-2.06
CHEMBL1171792,0.52
CHEMBL592480,-0.5
CHEMBL474147,-0.86
CHEMBL4087646,-2.34
CHEMBL231875,-1.52
CHEMBL62756,0.51
CHEMBL4061043,-1.95
CHEMBL201307,-1.36
CHEMBL3814846,-1.07
CHEMBL441083,-0.11
CHEMBL3622647,-1.3
CHEMBL203661,-1.01
CHEMBL1272275,-0.99
CHEMBL4091276,0.02
CHEMBL3114688,-1.12
CHEMBL154260,-2.34
CHEMBL4847730,-1.17
CHEMBL5185330,-1.18
CHEMBL1945446,-0.7
CHEMBL2070194,-2.31
CHEMBL158275,-2.42
CHEMBL4875985,-0.71
CHEMBL470391,-1.26
CHEMBL3948084,-1.33
CHEMBL5188960,-0.11
CHEMBL3787112,-0.01
CHEMBL3805238,-0.35
CHEMBL5186680,-1.56
CHEMBL5173517,-2.35
CHEMBL1688860,-2.67
CHEMBL4643111,-1.17
CHEMBL4105442,-1.06
CHEMBL5094282,-3.33
CHEMBL455174,-1.48
CHEMBL4071368,-1.07
CHEMBL3986103,-1.43
CHEMBL4756049,-1.32
CHEMBL255237,-2.02
CHEMBL4175024,-1.4
CHEMBL1095776,-1.65
CHEMBL438805,-1.32
CHEMBL5191510,-1.51
CHEMBL544640,0.38
CHEMBL3263961,-1.3
CHEMBL4083642,-0.63
CHEMBL3357647,-0.82
CHEMBL4065301,-0.83
CHEMBL435831,-3.07
CHEMBL591040,-2.0
CHEMBL193159,-0.52
CHEMBL5188618,-1.54
CHEMBL4780210,-1.89
CHEMBL3968784,-1.11
CHEMBL4592101,-0.84
CHEMBL5188373,-1.43
CHEMBL475599,-1.93
CHEMBL3985465,-1.67
CHEMBL4449898,-2.13
CHEMBL4280835,-2.15
CHEMBL5179495,-1.83
CHEMBL3355887,-1.28
CHEMBL4227091,-0.86
CHEMBL4776925,-0.36
CHEMBL137189,-0.77
CHEMBL2448064,-0.8
CHEMBL3799864,-0.17
CHEMBL3425658,-1.28
CHEMBL3633936,-1.49
CHEMBL2335379,-1.87
CHEMBL4061829,-0.9
CHEMBL5186794,-0.94
CHEMBL3671570,-1.51
CHEMBL592215,-1.32
CHEMBL2336355,-0.75
CHEMBL2441563,-1.25
CHEMBL3237945,-1.96
CHEMBL3655336,-1.77
CHEMBL205148,-0.78
CHEMBL448929,-1.38
CHEMBL3221550,-0.65
CHEMBL166154,-0.76
CHEMBL1956892,-1.31
CHEMBL5206110,-2.5
CHEMBL1241481,-0.14
CHEMBL312753,-1.55
CHEMBL225930,-1.17
CHEMBL4749518,-1.41
CHEMBL592153,-1.93
CHEMBL1172855,-1.09
CHEMBL4519860,-1.35
CHEMBL181742,-1.1
CHEMBL3676391,-2.4
CHEMBL2018777,-0.59
CHEMBL4293051,0.03
CHEMBL510396,-1.48
CHEMBL4280993,-1.44
CHEMBL4581088,-1.03
CHEMBL408399,-0.66
CHEMBL5197154,-2.9
CHEMBL4286374,-1.29
CHEMBL4225166,-0.49
CHEMBL3943489,-1.97
CHEMBL53711,-0.68
CHEMBL4060996,-0.62
CHEMBL3622666,-0.87
CHEMBL1241492,-0.53
CHEMBL430031,-1.8
CHEMBL3604940,-0.36
CHEMBL3917951,-1.59
CHEMBL2381514,-2.48
CHEMBL3263372,-1.01
CHEMBL3612567,-1.48
CHEMBL1830261,-0.4
CHEMBL4459978,-1.22
CHEMBL3960786,-1.62
CHEMBL326445,-0.86
CHEMBL4283097,-0.87
CHEMBL4085868,-1.3
CHEMBL69629,-1.48
CHEMBL3798128,-0.46
CHEMBL489148,-0.01
CHEMBL429827,-1.12
CHEMBL53300,0.55
CHEMBL4639739,-1.32
CHEMBL3092322,-0.57
CHEMBL3353402,-0.48
CHEMBL1272324,-1.81
CHEMBL172652,-0.02
CHEMBL1241586,-0.06
CHEMBL2316149,0.05
CHEMBL7339,-0.03
CHEMBL2029439,-0.87
CHEMBL205798,-1.97
CHEMBL3234737,-2.92
CHEMBL4520064,-1.97
CHEMBL3639542,-0.91
CHEMBL4104717,-1.35
CHEMBL1241945,0.17
CHEMBL3416620,0.07
CHEMBL6976,0.37
CHEMBL5171139,-1.81
CHEMBL4554486,-2.09
CHEMBL527026,-1.84
CHEMBL250315,-0.36
CHEMBL131715,-2.1
CHEMBL3608429,0.41
CHEMBL338114,-1.35
CHEMBL3092310,-0.66
CHEMBL5199122,-1.32
CHEMBL40734,-0.74
CHEMBL58436,-1.22
CHEMBL542733,-0.55
CHEMBL2064373,-1.14
CHEMBL3921655,-1.08
CHEMBL4082840,-1.95
CHEMBL52913,-0.71
CHEMBL3586179,-1.78
CHEMBL332971,-0.86
CHEMBL3237932,-0.56
CHEMBL4088200,-1.58
CHEMBL3699596,-0.51
CHEMBL1094475,-1.91
CHEMBL590876,0.24
CHEMBL4088277,-1.96
CHEMBL3923551,-0.93
CHEMBL49986,-0.76
CHEMBL4741340,-1.24
CHEMBL3941823,-1.42
CHEMBL131193,-1.32
CHEMBL165731,-0.09
CHEMBL3934594,-1.4
CHEMBL3416591,-1.2
CHEMBL4215164,0.14
CHEMBL3741219,-1.13
CHEMBL1090351,-0.81
CHEMBL3353408,-0.4
CHEMBL144791,-1.3
CHEMBL4568408,-1.7
CHEMBL353823,-0.66
CHEMBL1645472,-0.59
CHEMBL3925584,-0.87
CHEMBL599145,-1.27
CHEMBL5072451,-2.16
CHEMBL500072,-2.02
CHEMBL3740131,-1.53
CHEMBL473436,-1.28
CHEMBL246276,-1.37
CHEMBL1928293,-0.81
CHEMBL5177306,-1.05
CHEMBL2408827,-1.89
CHEMBL4468893,-2.27
CHEMBL1929314,-0.54
CHEMBL3233795,-1.13
CHEMBL3425660,-0.78
CHEMBL460731,-1.61
CHEMBL3360610,-2.04
CHEMBL3663924,-0.95
CHEMBL401713,-1.16
CHEMBL126384,-1.3
CHEMBL3092297,-0.53
CHEMBL3889694,-1.11
CHEMBL4228848,-1.08
CHEMBL93295,-0.52
CHEMBL3753142,-0.77
CHEMBL2070045,-1.06
CHEMBL52197,-0.57
CHEMBL242541,-0.46
CHEMBL101683,-0.56
CHEMBL3892960,-0.09
CHEMBL5198314,-1.61
CHEMBL48760,0.48
CHEMBL328977,-0.81
CHEMBL569880,-0.94
CHEMBL3678946,-1.34
CHEMBL128027,-0.71
CHEMBL1200558,-3.92
CHEMBL3092303,-0.82
CHEMBL1822061,-1.53
CHEMBL4745868,-0.45
CHEMBL3219125,0.32
CHEMBL3612590,-1.86
CHEMBL3973028,-0.67
CHEMBL3671507,-1.26
CHEMBL208144,-0.79
CHEMBL3676354,-1.25
CHEMBL1683949,-1.73
CHEMBL1242471,-0.2
CHEMBL2031301,-0.99
CHEMBL4283970,-0.4
CHEMBL250130,-1.45
CHEMBL247915,-1.97
CHEMBL4848234,0.01
CHEMBL3676375,-1.21
CHEMBL31588,-0.78
CHEMBL3893698,-0.54
CHEMBL5194722,-2.13
CHEMBL4229010,-0.88
CHEMBL2325109,0.02
CHEMBL2048910,-1.63
CHEMBL3753836,-0.37
CHEMBL5189379,-1.82
CHEMBL3891187,0.05
CHEMBL4565086,-0.76
CHEMBL3234864,-0.37
CHEMBL4546553,-1.54
CHEMBL4751362,-1.05
CHEMBL489897,-1.45
CHEMBL2437467,-0.44
CHEMBL136058,-0.8
CHEMBL205284,-1.05
CHEMBL4083224,-1.6
CHEMBL1173601,-0.72
CHEMBL1272223,-0.75
CHEMBL110062,-0.6
CHEMBL2337363,0.37
CHEMBL4098412,-1.33
CHEMBL3678948,-1.3
CHEMBL345862,-2.85
CHEMBL4239716,-0.45
CHEMBL4591327,-0.92
CHEMBL5192793,-1.44
CHEMBL3344217,-1.96
CHEMBL4064937,-1.18
CHEMBL2337367,0.74
CHEMBL2029696,-0.77
CHEMBL3973601,-0.93
CHEMBL3921347,-1.07
CHEMBL598007,-1.03
CHEMBL4794073,-1.05
CHEMBL104779,-1.19
CHEMBL3545311,-1.14
CHEMBL4091166,-2.1
CHEMBL5188730,-0.25
CHEMBL307481,-0.28
CHEMBL214478,-0.95
CHEMBL4849337,-0.68
CHEMBL3344213,-1.7
CHEMBL1910273,-1.53
CHEMBL101253,-0.85
CHEMBL2426282,-0.28
CHEMBL5201543,-1.35
CHEMBL421686,0.19
CHEMBL53203,-1.05
CHEMBL57300,0.05
CHEMBL4077419,-1.51
CHEMBL2337369,0.63
CHEMBL3416616,0.09
CHEMBL3676343,-1.46
CHEMBL4584413,-1.79
CHEMBL3740910,-1.55
CHEMBL1242852,-1.02
CHEMBL3628906,-0.8
CHEMBL399372,-1.86
CHEMBL2029698,-0.8
CHEMBL4635625,-0.42
CHEMBL3623284,-1.02
CHEMBL354033,0.03
CHEMBL340484,-0.86
CHEMBL589825,-0.6
CHEMBL3699592,0.19
CHEMBL4282879,-0.77
CHEMBL5170376,-1.79
CHEMBL3671569,-1.15
CHEMBL255490,-0.6
CHEMBL489058,-1.29
CHEMBL122397,-1.75
CHEMBL247127,-0.75
CHEMBL2048792,-1.18
CHEMBL3221547,-0.63
CHEMBL4758842,-1.36
CHEMBL4288648,-0.54
CHEMBL132169,-1.64
CHEMBL3425656,-0.84
CHEMBL3805383,-0.85
CHEMBL203644,-0.03
CHEMBL4782025,-1.35
CHEMBL592617,-0.89
CHEMBL5218998,-1.17
CHEMBL411243,-0.69
CHEMBL5186583,-0.91
CHEMBL89505,-0.39
CHEMBL3234744,-2.69
CHEMBL4079393,-1.33
CHEMBL280074,0.32
CHEMBL4567599,-0.39
CHEMBL592710,-0.78
CHEMBL3601223,-0.07
CHEMBL1645476,-0.65
CHEMBL162719,-0.7
CHEMBL3436357,-1.67
CHEMBL3133912,-1.43
CHEMBL294213,0.25
CHEMBL3904450,-1.13
CHEMBL3344219,-2.04
CHEMBL3934034,-0.86
CHEMBL207235,-1.41
CHEMBL5181694,-1.26
CHEMBL4444231,-0.84
CHEMBL4094927,-1.19
CHEMBL76116,0.28
CHEMBL4079506,-1.11
CHEMBL1448,-0.61
CHEMBL4100655,-0.19
CHEMBL248322,-1.05
CHEMBL3985894,0.19
CHEMBL1944929,-1.31
CHEMBL3604912,-0.13
CHEMBL5193451,-1.19
CHEMBL2437463,-0.05
CHEMBL482489,-1.82
CHEMBL5175316,-1.43
CHEMBL1093100,0.04
CHEMBL3671555,-1.05
CHEMBL126791,-1.39
CHEMBL4742081,-1.3
CHEMBL2029440,-1.14
CHEMBL271540,-0.36
CHEMBL3655352,-1.55
CHEMBL592211,-0.81
CHEMBL3586177,-1.47
CHEMBL3671480,-0.82
CHEMBL356850,-0.2
CHEMBL1095131,-2.18
CHEMBL473944,-0.93
CHEMBL4527715,-0.96
CHEMBL4751085,0.17
CHEMBL3647964,-0.67
CHEMBL3895411,-1.4
CHEMBL3671567,-1.27
CHEMBL162622,0.03
CHEMBL2325107,0.08
CHEMBL1944927,-0.45
CHEMBL3759780,-1.13
CHEMBL246694,-1.46
CHEMBL4084726,-1.38
CHEMBL4515673,-2.27
CHEMBL3233762,-1.38
CHEMBL5094480,-0.88
CHEMBL4282482,-0.54
CHEMBL3233768,-1.19
CHEMBL4092632,-0.99
CHEMBL2325093,-0.82
CHEMBL207009,-0.77
CHEMBL243628,-0.54
CHEMBL4794131,-1.4
CHEMBL267019,-0.67
CHEMBL4764993,-1.26
CHEMBL5175891,-2.59
CHEMBL5207390,-1.2
CHEMBL3622643,-1.02
CHEMBL1928309,-1.6
CHEMBL2324873,-0.8
CHEMBL394495,-1.62
CHEMBL3898480,-1.55
CHEMBL109332,-0.33
CHEMBL3699598,-0.6
CHEMBL424093,-0.97
CHEMBL3403512,-0.23
CHEMBL4558227,-1.64
CHEMBL3237941,-1.23
CHEMBL1080506,-1.41
CHEMBL516375,-1.81
CHEMBL1958038,-0.76
CHEMBL2385992,-1.19
CHEMBL1173653,-2.19
CHEMBL5183924,-1.01
CHEMBL2333163,-3.87
CHEMBL4551557,-1.98
CHEMBL513362,-1.86
CHEMBL4205688,-0.6
CHEMBL4863088,-1.2
CHEMBL162053,-0.79
CHEMBL4126358,-0.16
CHEMBL596755,-2.3
CHEMBL3671563,-1.18
CHEMBL3216699,-1.71
CHEMBL5180388,-1.55
CHEMBL2426288,-0.06
CHEMBL111339,-2.22
CHEMBL3967512,-0.39
CHEMBL258270,-1.17
CHEMBL4204983,-1.86
CHEMBL4226436,-0.71
CHEMBL3774808,-0.95
CHEMBL1090363,-0.94
CHEMBL1173319,-0.25
CHEMBL76082,0.11
CHEMBL338449,-1.62
CHEMBL251732,-1.68
CHEMBL3759127,-1.18
CHEMBL1173457,-0.44
CHEMBL2064380,-1.28
CHEMBL1204168,-0.63
CHEMBL3922068,-0.68
CHEMBL3676347,-1.27
CHEMBL176815,-0.84
CHEMBL593275,-1.46
CHEMBL3896476,-0.17
CHEMBL4520103,-1.86
CHEMBL4215397,-0.78
CHEMBL4076854,-1.36
CHEMBL249928,-1.31
CHEMBL4436695,-2.43
CHEMBL194349,-0.92
CHEMBL1958032,-0.59
CHEMBL4069284,-0.47
CHEMBL271705,-0.86
CHEMBL4078026,-1.54
CHEMBL4749064,-1.15
CHEMBL4087375,-0.95
CHEMBL290389,-0.22
CHEMBL4214588,-0.23
CHEMBL1821891,-0.51
CHEMBL3962032,-1.32
CHEMBL2408829,-1.24
CHEMBL4091626,-2.27
CHEMBL196548,-1.53
CHEMBL93049,-1.06
CHEMBL1242572,-0.73
CHEMBL1241588,-0.5
CHEMBL7699,-0.38
CHEMBL1683954,-1.23
CHEMBL1829273,-1.19
CHEMBL2381510,-1.86
CHEMBL4206193,-0.9
CHEMBL4527121,-2.23
CHEMBL263666,-1.77
CHEMBL4454948,-1.62
CHEMBL202424,-0.36
CHEMBL3921446,-0.73
CHEMBL4081703,-0.86
CHEMBL4750375,-1.15
CHEMBL1830257,-0.35
CHEMBL3612563,-1.44
CHEMBL4072392,-0.86
CHEMBL3671522,-1.02
CHEMBL5075594,-1.56
CHEMBL1242293,-0.63
CHEMBL3884319,0.16
CHEMBL312482,-1.33
CHEMBL3945555,-1.89
CHEMBL3897723,-0.97
CHEMBL2426286,-0.32
CHEMBL449949,-1.75
CHEMBL14699,-0.82
CHEMBL502015,-1.47
CHEMBL4291935,-0.1
CHEMBL1241582,-0.38
CHEMBL490577,-1.09
CHEMBL3604920,-0.3
CHEMBL154969,-1.42
CHEMBL1257795,0.56
CHEMBL3919609,-1.11
CHEMBL1944923,-0.9
CHEMBL517127,-1.37
CHEMBL1241681,-0.88
CHEMBL76587,-1.06
CHEMBL3912598,-1.09
CHEMBL105053,-1.36
CHEMBL2385978,-2.24
CHEMBL2325099,-0.47
CHEMBL4216025,-0.01
CHEMBL4241638,-0.59
CHEMBL440453,-0.07
CHEMBL76751,-1.72
CHEMBL3237936,-0.49
CHEMBL472746,-1.06
CHEMBL2179124,-1.51
CHEMBL3233782,-1.08
CHEMBL1830265,-0.33
CHEMBL3622675,-0.48
CHEMBL2070200,-1.0
CHEMBL4212450,-0.57
CHEMBL4449391,-1.01
CHEMBL460722,-1.37
CHEMBL4776730,0.52
CHEMBL4555488,-0.57
CHEMBL344652,-0.3
CHEMBL255865,-1.78
CHEMBL3622634,-1.81
CHEMBL3425664,-0.47
CHEMBL243839,-0.6
CHEMBL598377,-1.57
CHEMBL4778159,-0.95
CHEMBL4090330,-0.65
CHEMBL3921302,-1.58
CHEMBL1172980,-0.74
CHEMBL285063,-0.68
CHEMBL207869,-1.49
CHEMBL399953,-2.36
CHEMBL3960332,-0.86
CHEMBL3233766,-1.11
CHEMBL3357650,-0.96
CHEMBL4797515,0.25
CHEMBL298679,-2.25
CHEMBL4647257,-4.19
CHEMBL2029692,-0.99
CHEMBL48614,-0.75
CHEMBL3622671,-0.57
CHEMBL2385976,-2.1
CHEMBL155761,-1.94
CHEMBL3671484,-1.25
CHEMBL483108,-1.47
CHEMBL3954906,0.07
CHEMBL604914,-1.15
CHEMBL5203821,-1.54
CHEMBL3923275,-1.69
CHEMBL4557993,-0.52
CHEMBL1945451,-0.22
CHEMBL4553685,-0.67
CHEMBL329867,-1.15
CHEMBL3965087,-1.6
CHEMBL384711,-1.99
CHEMBL4204596,0.25
CHEMBL515664,-1.77
CHEMBL2335014,-2.55
CHEMBL372246,-0.59
CHEMBL1241485,-0.04
CHEMBL157807,-1.26
CHEMBL210444,-0.67
CHEMBL2029437,-1.32
CHEMBL606964,0.02
CHEMBL3355874,-1.44
CHEMBL3931223,-1.21
CHEMBL215786,-0.77
CHEMBL3746980,-2.81
CHEMBL4099377,-0.94
CHEMBL2336335,0.15
CHEMBL3355890,-1.79
CHEMBL1545480,0.69
CHEMBL3219132,-0.98
CHEMBL4759003,-1.25
CHEMBL590525,-1.18
CHEMBL604671,-0.11
CHEMBL3671528,-1.24
CHEMBL3699602,-0.61
CHEMBL3092314,-0.97
CHEMBL4207750,-2.06
CHEMBL1093235,-0.38
CHEMBL1934631,-1.87
CHEMBL3910496,-0.97
CHEMBL345641,-0.87
CHEMBL104244,-1.8
CHEMBL3815074,-0.81
CHEMBL152984,-0.41
CHEMBL3301625,-0.59
CHEMBL4250191,-0.09
CHEMBL309866,-0.1
CHEMBL187431,-0.46
CHEMBL4747078,-0.79
CHEMBL1242032,-1.24
CHEMBL3086104,-1.18
CHEMBL399735,-0.8
CHEMBL1630117,-1.56
CHEMBL1254363,-0.68
CHEMBL3612587,-1.74
CHEMBL243410,-0.54
CHEMBL77243,-0.53
CHEMBL1243284,-1.11
CHEMBL3671514,-0.99
CHEMBL583683,-1.26
CHEMBL1173251,-0.48
CHEMBL5170965,-1.07
CHEMBL1630113,-1.98
CHEMBL169064,-0.92
CHEMBL1271950,-0.41
CHEMBL271408,-1.17
CHEMBL5193016,-2.19
CHEMBL3902180,-1.01
CHEMBL461140,-2.08
CHEMBL32079,-1.21
CHEMBL4095253,-1.43
CHEMBL4087538,-1.25
CHEMBL5174372,-0.56
CHEMBL196438,-1.11
CHEMBL4759031,-1.17
CHEMBL4448162,-1.2
CHEMBL4583545,-0.45
CHEMBL466614,-1.97
CHEMBL206848,-1.15
CHEMBL3114686,-1.44
CHEMBL1683966,-1.71
CHEMBL1928955,-1.9
CHEMBL2408823,-1.22
CHEMBL3357654,-0.96
CHEMBL109476,-0.76
CHEMBL80030,-0.93
CHEMBL4777554,-1.27
CHEMBL4749765,-1.56
CHEMBL4462395,-0.72
CHEMBL3416624,-0.83
CHEMBL3759085,-1.37
CHEMBL3233786,-1.45
CHEMBL3930965,-0.96
CHEMBL432903,-2.41
CHEMBL571040,-1.21
CHEMBL4166609,-1.64
CHEMBL4065503,-1.18
CHEMBL473320,-1.29
CHEMBL1241768,-0.52
CHEMBL393848,-1.39
CHEMBL593770,-1.65
CHEMBL4759405,-1.79
CHEMBL391387,-0.87
CHEMBL4448428,-0.92
CHEMBL5089336,-1.14
CHEMBL564829,-0.77
CHEMBL4851795,-0.76
CHEMBL4061912,-0.0
CHEMBL1830129,0.63
CHEMBL503638,-1.2
CHEMBL129509,-1.48
CHEMBL83,-1.14
CHEMBL73301,-0.47
CHEMBL5189711,-0.24
CHEMBL3798501,-0.46
CHEMBL171311,-1.01
CHEMBL4750343,-0.76
CHEMBL2425092,-1.4
CHEMBL3633775,-1.28
CHEMBL3747152,-3.04
CHEMBL1828877,-1.44
CHEMBL4537004,-0.88
CHEMBL403357,-1.17
CHEMBL2018773,-1.18
CHEMBL500115,-1.46
CHEMBL3764603,-2.16
CHEMBL4088135,-1.99
CHEMBL4082362,-1.47
CHEMBL4060320,-1.92
CHEMBL4086878,-0.29
CHEMBL3671510,-1.38
CHEMBL2348414,-1.18
CHEMBL372692,-1.17
CHEMBL4546122,-1.91
CHEMBL5184760,-1.32
CHEMBL3040597,-2.12
CHEMBL3944095,-0.82
CHEMBL4064361,-1.27
CHEMBL450109,-1.56
CHEMBL4439982,-1.22
CHEMBL251700,-0.89
CHEMBL3233788,-1.68
CHEMBL243837,-1.03
CHEMBL1173022,-0.57
CHEMBL2424801,-1.47
CHEMBL5188399,-2.21
CHEMBL491085,-0.62
CHEMBL514436,-1.9
CHEMBL5184610,-0.67
CHEMBL4073062,0.24
CHEMBL3335245,-0.78
CHEMBL2334003,-0.76
CHEMBL92937,-0.64
CHEMBL2048798,-1.62
CHEMBL257815,-1.3
CHEMBL202360,-0.6
CHEMBL462162,-1.0
CHEMBL5171318,0.46
CHEMBL2112370,-1.24
CHEMBL121260,-0.97
CHEMBL4873098,-2.06
CHEMBL66409,-0.11
CHEMBL521572,-0.53
CHEMBL4793453,-1.0
CHEMBL94123,-0.39
CHEMBL474143,-1.07
CHEMBL4458344,-0.71
CHEMBL307026,0.37
CHEMBL474431,-1.59
CHEMBL2347970,-1.12
CHEMBL3952157,-0.92
CHEMBL1821875,-1.35
CHEMBL4464404,-0.05
CHEMBL4871192,-1.03
CHEMBL3921816,-1.62
CHEMBL5083976,-1.59
CHEMBL1683950,-1.11
CHEMBL3671541,-1.39
CHEMBL213342,-1.73
CHEMBL3676368,-1.54
CHEMBL1241390,0.44
CHEMBL3939429,-0.66
CHEMBL2087356,-1.28
CHEMBL3928512,-0.7
CHEMBL190651,-1.34
CHEMBL4541014,-1.77
CHEMBL490569,-1.07
CHEMBL3671546,-1.22
CHEMBL75188,-2.2
CHEMBL3806222,-0.15
CHEMBL4161396,-0.74
CHEMBL52591,-0.04
CHEMBL92006,-0.97
CHEMBL3133901,-1.07
CHEMBL4862976,-0.97
CHEMBL3633932,-1.17
CHEMBL489501,-1.46
CHEMBL3676365,-1.15
CHEMBL203529,0.1
CHEMBL206197,-0.82
CHEMBL181029,-1.22
CHEMBL4460381,-1.07
CHEMBL4126810,-1.11
CHEMBL109515,-0.82
CHEMBL460735,-0.29
CHEMBL454383,-0.53
CHEMBL29641,-1.25
CHEMBL246687,-1.47
CHEMBL3221554,-1.04
CHEMBL4793852,-1.77
CHEMBL102726,-0.3
CHEMBL4458843,-1.24
CHEMBL3950296,-1.72
CHEMBL4442932,-2.43
CHEMBL310958,-0.03
CHEMBL3355883,-1.51
CHEMBL2018760,-1.41
CHEMBL3409483,-1.56
CHEMBL4856592,-1.53
CHEMBL3946259,0.44
CHEMBL2437470,0.29
CHEMBL92961,-1.34
CHEMBL3814956,-0.97
CHEMBL4089279,-1.11
CHEMBL270695,-0.49
CHEMBL1812571,-1.37
CHEMBL4798480,-1.5
CHEMBL4646281,-0.55
CHEMBL485320,-0.72
CHEMBL46946,0.34
CHEMBL3085277,-0.39
CHEMBL3218346,-0.63
CHEMBL3628818,0.22
CHEMBL1242114,-0.71
CHEMBL5189778,-0.93
CHEMBL67057,-1.99
CHEMBL1173814,-0.66
CHEMBL1958019,-0.07
CHEMBL1242757,-0.25
CHEMBL4078914,-0.71
CHEMBL1202477,-1.27
CHEMBL3263965,-1.68
CHEMBL3416439,-1.11
CHEMBL332882,-0.53
CHEMBL355330,0.52
CHEMBL3403518,-0.29
CHEMBL204335,-0.4
CHEMBL4530170,-1.19
CHEMBL3622650,-0.85
CHEMBL131653,-0.47
CHEMBL4066504,-0.93
CHEMBL246489,-1.85
CHEMBL4581316,-1.16
CHEMBL181617,-0.65
CHEMBL305194,-1.67
CHEMBL3970231,-1.31
CHEMBL2112369,-1.33
CHEMBL5076986,-0.97
CHEMBL1243346,-1.98
CHEMBL307145,-0.14
CHEMBL3355889,-1.86
CHEMBL5188568,-0.96
CHEMBL4097862,-0.59
CHEMBL319244,-0.51
CHEMBL4225777,-1.44
CHEMBL427671,-1.13
CHEMBL4579429,-0.61
CHEMBL3944027,-0.09
CHEMBL544867,-0.02
CHEMBL510357,-1.66
CHEMBL3357649,-1.28
CHEMBL391778,-1.82
CHEMBL4210100,-0.78
CHEMBL597569,-1.46
CHEMBL1929303,0.12
CHEMBL3655345,-1.5
CHEMBL3671497,-1.07
CHEMBL3655338,-1.76
CHEMBL3893004,-0.89
CHEMBL3739587,-0.94
CHEMBL5204749,-1.52
CHEMBL4861493,-1.48
CHEMBL4740295,-1.4
CHEMBL4463005,-1.09
CHEMBL379905,-1.11
CHEMBL3806145,-0.43
CHEMBL3973973,-0.23
CHEMBL93181,-0.62
CHEMBL25450,-0.94
CHEMBL1928712,-0.97
CHEMBL4208829,0.46
CHEMBL5195531,-2.3
CHEMBL1822065,-0.46
CHEMBL3671509,-1.15
CHEMBL5200637,-1.31
CHEMBL3623279,-0.65
CHEMBL3671503,-0.66
CHEMBL505463,-1.58
CHEMBL3360607,-1.48
CHEMBL5187250,-2.58
CHEMBL4786776,-1.43
CHEMBL5190227,-1.61
CHEMBL334697,-1.19
CHEMBL261238,-1.02
CHEMBL2316159,-3.05
CHEMBL3699581,0.22
CHEMBL4087489,-0.68
CHEMBL5085816,-1.55
CHEMBL474323,-1.03
CHEMBL3774396,-1.25
CHEMBL3921664,-1.39
CHEMBL602328,-0.51
CHEMBL3913778,0.11
CHEMBL1873475,-0.92
CHEMBL3545308,-0.2
CHEMBL241918,-0.9
CHEMBL2381509,-2.04
CHEMBL590878,0.12
CHEMBL208286,-1.34
CHEMBL4091966,0.07
CHEMBL112096,-1.37
CHEMBL2426378,0.29
CHEMBL161895,-1.41
CHEMBL1828869,-0.92
CHEMBL2047029,-1.47
CHEMBL4783948,-0.79
CHEMBL4576802,-0.7
CHEMBL525527,-2.09
CHEMBL2283257,0.31
CHEMBL2148045,-2.08
CHEMBL139044,0.27
CHEMBL1504817,-1.36
CHEMBL3906533,-0.09
CHEMBL3352899,-1.82
CHEMBL5206817,-1.2
CHEMBL3968039,-1.01
CHEMBL4464589,-0.96
CHEMBL4128567,-1.44
CHEMBL27688,-0.92
CHEMBL1240554,-0.92
CHEMBL1956885,-1.45
CHEMBL53310,0.4
CHEMBL2262407,-1.39
CHEMBL4439680,-1.33
CHEMBL2031311,-0.85
CHEMBL4540138,-1.2
CHEMBL2442329,-0.11
CHEMBL4127809,-1.43
CHEMBL3344221,-2.02
CHEMBL5172587,-0.81
CHEMBL355982,-0.38
CHEMBL132348,-1.9
CHEMBL5200598,-1.58
CHEMBL4516736,-1.07
CHEMBL3671536,-1.17
CHEMBL4244030,-0.22
CHEMBL592247,-0.94
CHEMBL597551,-0.97
CHEMBL3912723,-0.94
CHEMBL3114701,-1.1
CHEMBL208849,-0.88
CHEMBL1914654,-0.65
CHEMBL3357643,-1.09
CHEMBL3612594,-1.37
CHEMBL4097594,-0.73
CHEMBL3911796,-1.79
CHEMBL1203939,-0.48
CHEMBL3221561,-1.56
CHEMBL4474196,-1.42
CHEMBL3358006,-2.65
CHEMBL78184,0.23
CHEMBL3676386,-1.25
CHEMBL408397,-0.31
CHEMBL1240566,-1.29
CHEMBL4791596,-1.08
CHEMBL307209,-0.52
CHEMBL53831,-0.13
CHEMBL338935,-1.41
CHEMBL4796010,-1.12
CHEMBL1090355,-0.44
CHEMBL1934622,-1.75
CHEMBL210659,-0.9
CHEMBL4460320,-1.11
CHEMBL604785,-0.87
CHEMBL3133755,-0.88
CHEMBL3775112,-1.02
CHEMBL590558,-1.43
CHEMBL4080008,-1.76
CHEMBL3233775,-1.44
CHEMBL466175,-1.44
CHEMBL2447950,-0.25
CHEMBL416191,-1.0
CHEMBL3904778,-0.03
CHEMBL1630578,-2.4
CHEMBL128432,-0.66
CHEMBL78685,-1.38
CHEMBL356324,-1.25
CHEMBL3416595,-1.53
CHEMBL169390,0.25
CHEMBL3958624,-1.76
CHEMBL1828880,-1.3
CHEMBL3133758,-1.67
CHEMBL4160854,-1.34
CHEMBL599863,-1.51
CHEMBL3234757,-2.77
CHEMBL3325472,-0.35
CHEMBL4079125,-0.45
CHEMBL90541,-2.12
CHEMBL3775285,-0.98
CHEMBL3542268,-1.4
CHEMBL1934628,-1.58
CHEMBL1683972,-1.55
CHEMBL2335377,-1.05
CHEMBL4159404,-2.03
CHEMBL1928946,-1.36
CHEMBL2437469,-0.23
CHEMBL596957,-1.08
CHEMBL3976571,-1.46
CHEMBL4462971,-1.78
CHEMBL4102886,-1.73
CHEMBL4110614,-0.92
CHEMBL4084996,-0.46
CHEMBL3676362,-1.08
CHEMBL4218154,0.27
CHEMBL5206193,-0.98
CHEMBL5193123,-1.03
CHEMBL3040455,-1.76
CHEMBL1945448,-0.71
CHEMBL604893,-1.34
CHEMBL1016,-1.72
CHEMBL4761468,-1.39
CHEMBL206003,-1.64
CHEMBL3671574,-1.42
CHEMBL308133,-0.19
CHEMBL378144,-0.32
CHEMBL2047023,-1.52
CHEMBL2347969,-0.9
CHEMBL3752370,-0.82
CHEMBL3092307,-0.99
CHEMBL5071181,-0.38
CHEMBL3950966,-1.3
CHEMBL4439837,-1.92
CHEMBL111365,-2.38
CHEMBL2047024,-1.63
CHEMBL1683975,-1.72
CHEMBL2031305,-0.51
CHEMBL4212884,-1.41
CHEMBL4536146,-1.19
CHEMBL3941175,-1.52
CHEMBL5200495,-1.69
CHEMBL3952953,-0.58
CHEMBL3977022,-0.98
CHEMBL3957801,-0.98
CHEMBL3961848,-0.99
CHEMBL2424799,-0.81
CHEMBL4446258,-1.68
CHEMBL5191674,-2.78
CHEMBL342929,-1.66
CHEMBL4285894,-0.64
CHEMBL4740234,-0.51
CHEMBL2064393,-1.44
CHEMBL5183664,0.24
CHEMBL52472,0.08
CHEMBL3416605,-0.13
CHEMBL3699611,0.1
CHEMBL489307,-1.07
CHEMBL4871985,-1.07
CHEMBL391675,-1.38
CHEMBL4098444,-1.63
CHEMBL453737,-1.96
CHEMBL4291471,-1.98
CHEMBL473438,-1.15
CHEMBL4065288,-0.95
CHEMBL3671531,-1.72
CHEMBL3604939,-0.77
CHEMBL4540070,-2.26
CHEMBL3813979,-0.73
CHEMBL1958021,-0.24
CHEMBL448154,-1.42
CHEMBL3775664,-1.03
CHEMBL4226937,-1.47
CHEMBL92882,-0.85
CHEMBL5178922,-1.42
CHEMBL1958217,-0.61
CHEMBL1929304,-0.77
CHEMBL419501,-1.32
CHEMBL309937,-0.22
CHEMBL4289577,-1.41
CHEMBL3632637,-1.53
CHEMBL481324,-1.82
CHEMBL5076881,-2.29
CHEMBL3622649,-0.65
CHEMBL3671479,-1.41
CHEMBL56964,-0.28
CHEMBL4280749,-2.02
CHEMBL5208065,-1.5
CHEMBL5177272,-1.81
CHEMBL2178350,-1.05
CHEMBL3678951,-1.79
CHEMBL4071474,-1.28
CHEMBL4103464,-1.41
CHEMBL4128726,0.42
CHEMBL2018752,-0.75
CHEMBL2047016,-1.67
CHEMBL4287629,0.05
CHEMBL3676350,-1.36
CHEMBL1821866,-0.74
CHEMBL3676371,-2.0
CHEMBL1242662,-0.29
CHEMBL155293,-2.61
CHEMBL3608433,0.33
CHEMBL3297898,-0.35
CHEMBL4743220,-0.81
CHEMBL3622668,-0.87
CHEMBL4790553,-1.76
CHEMBL4744985,-1.81
CHEMBL3805236,-0.61
CHEMBL2347963,-0.94
CHEMBL5090133,-0.74
CHEMBL211003,-1.0
CHEMBL3982602,-0.34
CHEMBL4582195,-0.78
CHEMBL4473875,-0.7
CHEMBL4527132,-2.24
CHEMBL4793639,-0.44
CHEMBL5199169,-1.15
CHEMBL3932784,-1.96
CHEMBL3297895,0.11
CHEMBL121405,-0.8
CHEMBL3612570,-1.72
CHEMBL4127317,-0.26
CHEMBL4515526,-2.05
CHEMBL2385981,-1.55
CHEMBL3758278,-1.5
CHEMBL4748367,-1.44
CHEMBL4530048,-1.9
CHEMBL1945646,-0.46
CHEMBL4553708,0.53
CHEMBL256295,-1.12
CHEMBL3040861,-0.02
CHEMBL592707,-0.45
CHEMBL594790,-0.94
CHEMBL1821882,-0.81
CHEMBL3666714,-1.79
CHEMBL2442324,-1.54
CHEMBL53665,-0.9
CHEMBL186001,-0.43
CHEMBL3747079,-1.7
CHEMBL5087139,-1.64
CHEMBL3663933,-0.98
CHEMBL1173813,-0.75
CHEMBL3087207,-0.71
CHEMBL4095271,-1.14
CHEMBL508481,-0.93
CHEMBL380889,-1.49
CHEMBL542893,-0.94
CHEMBL1173248,-1.19
CHEMBL1821888,-1.2
CHEMBL1928310,-1.34
CHEMBL2325087,-0.71
CHEMBL3087197,-0.91
CHEMBL475446,-1.24
CHEMBL4277822,-0.38
CHEMBL435993,-1.59
CHEMBL1088240,-1.44
CHEMBL4441921,-1.24
CHEMBL402011,-1.24
CHEMBL4588486,-2.52
CHEMBL3216254,-2.08
CHEMBL27685,-0.89
CHEMBL4465497,-1.27
CHEMBL338155,-0.87
CHEMBL4540303,-2.56
CHEMBL4877054,-1.17
CHEMBL4644480,0.01
CHEMBL3903063,-1.13
CHEMBL77381,0.62
CHEMBL355816,-1.07
CHEMBL3297998,-1.17
CHEMBL4469453,-1.15
CHEMBL3980550,-1.22
CHEMBL602890,-1.95
CHEMBL348146,-3.19
CHEMBL373207,-1.27
CHEMBL330882,-0.67
CHEMBL62843,-2.53
CHEMBL116308,-0.3
CHEMBL2018758,-1.35
CHEMBL271328,-1.25
CHEMBL1641990,-0.95
CHEMBL2064399,-1.4
CHEMBL308645,-1.72
CHEMBL3357634,-0.77
CHEMBL592139,-0.29
CHEMBL4072769,-1.09
CHEMBL3924500,0.15
CHEMBL1641997,-0.61
CHEMBL3604933,-0.27
CHEMBL1241771,-0.44
CHEMBL15202,-0.79
CHEMBL76432,-1.42
CHEMBL4227490,-0.56
CHEMBL5201387,-0.87
CHEMBL242349,-0.91
CHEMBL451074,-1.84
CHEMBL1241676,-0.57
CHEMBL1828863,-1.56
CHEMBL203936,-0.45
CHEMBL448628,-1.64
CHEMBL3092299,-0.82
CHEMBL519757,-1.64
CHEMBL3978161,0.23
CHEMBL414631,-1.3
CHEMBL4649213,0.76
CHEMBL3085377,-2.03
CHEMBL3753623,-0.12
CHEMBL3959248,-1.32
CHEMBL3633938,-1.29
CHEMBL5193175,-1.76
CHEMBL248114,-1.69
CHEMBL281543,-1.03
CHEMBL3233791,-1.87
CHEMBL3133895,-1.17
CHEMBL5193609,-2.31
CHEMBL5173986,-0.97
CHEMBL3393072,-0.96
CHEMBL250923,-0.81
CHEMBL4090323,-0.32
CHEMBL174426,-0.49
CHEMBL322066,-1.04
CHEMBL1934625,-1.68
CHEMBL2419760,0.01
CHEMBL4290785,-0.3
CHEMBL1645465,-1.12
CHEMBL470218,-1.5
CHEMBL3918330,-0.91
CHEMBL37346,-0.61
CHEMBL1242665,-0.8
CHEMBL4226254,-0.91
CHEMBL3805177,-0.8
CHEMBL1946843,-0.86
CHEMBL1947124,-1.64
CHEMBL3915508,-0.02
CHEMBL2048907,-1.75
CHEMBL4549295,-2.42
CHEMBL158797,-1.99
CHEMBL4218320,-0.9
CHEMBL3357639,-1.06
CHEMBL3416602,-0.1
CHEMBL3937417,-1.39
CHEMBL5206164,-1.61
CHEMBL209343,-0.58
CHEMBL474324,-0.78
CHEMBL2048788,-1.46
CHEMBL1641989,-0.79
CHEMBL103552,-1.33
CHEMBL383246,-1.26
CHEMBL201511,-1.33
CHEMBL4873202,-0.36
CHEMBL4446681,-1.12
CHEMBL120979,-1.42
CHEMBL2325100,-0.66
CHEMBL489313,-0.85
CHEMBL4100075,-0.63
CHEMBL114446,0.28
CHEMBL212251,-2.09
CHEMBL3647423,-0.7
CHEMBL4206585,-2.38
CHEMBL4746770,-0.79
CHEMBL4070404,-1.09
CHEMBL3655348,-0.54
CHEMBL3974571,-1.12
CHEMBL3676376,-1.12
CHEMBL3263968,-2.04
CHEMBL3906200,-1.25
CHEMBL2031308,-0.84
CHEMBL3741762,-0.69
CHEMBL1821885,-0.86
CHEMBL204420,-0.76
CHEMBL4549542,-1.19
CHEMBL5087793,-1.19
CHEMBL4288262,0.02
CHEMBL597949,-0.76
CHEMBL3676357,-1.55
CHEMBL3809489,-1.97
CHEMBL4059610,-0.65
CHEMBL5169450,-1.12
CHEMBL484108,-1.7
CHEMBL4869634,-1.5
CHEMBL4208745,-0.33
CHEMBL328955,-0.53
CHEMBL496,-1.33
CHEMBL3604943,-0.74
CHEMBL3622633,-1.28
CHEMBL3088220,-1.0
CHEMBL2018767,-1.14
CHEMBL1821878,-0.35
CHEMBL3234749,-1.49
CHEMBL3133752,-1.34
CHEMBL4210744,0.51
CHEMBL3085380,-1.04
CHEMBL4593016,-0.75
CHEMBL555321,-0.34
CHEMBL5203179,-1.43
CHEMBL4534592,-1.97
CHEMBL472545,-1.0
CHEMBL475600,-1.51
CHEMBL382822,-1.01
CHEMBL4227278,-0.52
CHEMBL4208224,-0.67
CHEMBL425601,-1.11
CHEMBL3896615,-0.98
CHEMBL3774982,-1.99
CHEMBL4465558,-1.72
CHEMBL3977326,-1.15
CHEMBL490774,0.08
CHEMBL5204650,-0.44
CHEMBL5203640,-1.99
CHEMBL305246,-1.48
CHEMBL4521506,-1.44
CHEMBL206370,-0.79
CHEMBL3932286,-1.09
CHEMBL4093954,-1.13
CHEMBL2333164,-2.66
CHEMBL3353399,-0.55
CHEMBL1630107,-1.34
CHEMBL3671552,-1.06
CHEMBL3765789,-1.6
CHEMBL177053,-0.74
CHEMBL3939588,-0.9
CHEMBL206280,-0.47
CHEMBL3954587,-1.24
CHEMBL3233778,-1.14
CHEMBL470011,-1.41
CHEMBL395883,-1.11
CHEMBL3655342,-1.8
CHEMBL381080,-2.29
CHEMBL188762,-0.58
CHEMBL301549,-0.58
CHEMBL3234867,-1.09
CHEMBL592240,-0.05
CHEMBL4292110,-0.49
CHEMBL3671573,-1.25
CHEMBL1272276,-1.98
CHEMBL104153,-1.85
CHEMBL3325475,-0.29
CHEMBL4521214,-1.28
CHEMBL153739,-0.47
CHEMBL51485,-2.32
CHEMBL442749,-0.48
CHEMBL258598,-0.49
CHEMBL1956888,-0.68
CHEMBL4092966,-1.37
CHEMBL2018755,-0.94
CHEMBL4859542,-3.42
CHEMBL361322,-0.77
CHEMBL3237946,-2.51
CHEMBL3622639,-0.54
CHEMBL3353401,-0.39
CHEMBL1914653,-0.69
CHEMBL110577,-0.74
CHEMBL4073278,-0.96
CHEMBL4860398,-2.14
CHEMBL4290568,-0.94
CHEMBL4289728,-1.08
CHEMBL589809,-0.91
CHEMBL3917657,-1.52
CHEMBL188304,-0.79
CHEMBL373025,-1.54
CHEMBL3933895,-1.14
CHEMBL5183329,-0.98
CHEMBL3092300,-0.79
CHEMBL4062178,-0.88
CHEMBL1242113,-0.63
CHEMBL3799138,-0.92
CHEMBL1090358,-1.03
CHEMBL117324,-1.45
CHEMBL3954684,0.32
CHEMBL452716,-2.08
CHEMBL3425670,-1.12
CHEMBL291979,-2.16
CHEMBL4866162,-0.96
CHEMBL5194719,0.42
CHEMBL3774947,-1.06
CHEMBL4449589,-0.68
CHEMBL388286,-1.63
CHEMBL4743998,-1.14
CHEMBL3805508,-2.96
CHEMBL3612593,-1.6
CHEMBL289787,-0.39
CHEMBL250924,-2.7
CHEMBL251497,-0.75
CHEMBL76599,-0.5
CHEMBL3939771,-1.76
CHEMBL4455321,-1.31
CHEMBL4160329,-1.92
CHEMBL3237931,-0.39
CHEMBL4093642,-0.75
CHEMBL5218797,-0.5
CHEMBL1242566,0.11
CHEMBL3416630,-1.51
CHEMBL3921555,-0.98
CHEMBL1958210,-0.75
CHEMBL4079183,0.29
CHEMBL3221553,-1.87
CHEMBL1645471,-0.9
CHEMBL3946396,-1.1
CHEMBL208292,-0.94
CHEMBL69358,-2.35
CHEMBL272634,-0.62
CHEMBL78280,-1.49
CHEMBL501050,-1.54
CHEMBL4242522,0.05
CHEMBL598520,-1.22
CHEMBL153170,-0.36
CHEMBL1928958,-2.09
CHEMBL4789811,-1.43
CHEMBL2425086,-1.15
CHEMBL113023,-1.88
CHEMBL3416623,-1.04
CHEMBL93966,-0.4
CHEMBL4799276,-0.28
CHEMBL4112924,-1.27
CHEMBL472943,-1.07
CHEMBL597752,-1.23
CHEMBL3759961,-0.84
CHEMBL3416592,-1.38
CHEMBL398388,-1.65
CHEMBL291496,-0.02
CHEMBL4106607,-1.55
CHEMBL4849859,-0.97
CHEMBL3799255,-0.78
CHEMBL3764312,-1.6
CHEMBL496388,-2.19
CHEMBL351920,-0.92
CHEMBL393264,-1.62
CHEMBL186802,-0.89
CHEMBL2426278,0.06
CHEMBL590875,-0.23
CHEMBL3263962,-1.57
CHEMBL3960167,-1.15
CHEMBL210893,-1.48
CHEMBL1241241,0.37
CHEMBL3740582,-2.31
CHEMBL202411,-1.42
CHEMBL249496,-0.67
CHEMBL3909201,-1.28
CHEMBL1094492,-2.1
CHEMBL1242846,-0.39
CHEMBL3622665,-1.17
CHEMBL4870560,-1.03
CHEMBL3416608,-0.08
CHEMBL4646030,-0.99
CHEMBL4281367,0.04
CHEMBL247916,-1.56
CHEMBL4758761,-1.68
CHEMBL4863078,-0.98
CHEMBL4534611,-1.32
CHEMBL4077349,0.57
CHEMBL3676392,-1.84
CHEMBL4473375,-1.16
CHEMBL31326,-1.09
CHEMBL2312645,-0.36
CHEMBL4099682,-1.35
CHEMBL3397275,-1.54
CHEMBL205870,-1.65
CHEMBL185853,-0.6
CHEMBL1172877,-0.94
CHEMBL3235199,-0.67
CHEMBL2385986,-1.6
CHEMBL5196254,-1.3
CHEMBL3752074,-0.04
CHEMBL4062722,-0.97
CHEMBL521601,-1.11
CHEMBL4740108,-0.45
CHEMBL5170519,-1.98
CHEMBL428777,-1.09
CHEMBL4790485,-1.34
CHEMBL522928,-1.47
CHEMBL3233759,-1.6
CHEMBL3699616,-0.99
CHEMBL5194285,-1.58
CHEMBL3678956,-0.81
CHEMBL3087200,-1.75
CHEMBL2425735,-0.64
CHEMBL3977926,-0.82
CHEMBL3741304,-3.3
CHEMBL3948267,-0.76
CHEMBL31630,-1.28
CHEMBL591288,-0.84
CHEMBL2424664,-1.49
CHEMBL4102577,-0.71
CHEMBL4456370,-0.3
CHEMBL4780058,-0.35
CHEMBL490570,-0.48
CHEMBL3968417,-0.16
CHEMBL5173075,-0.23
CHEMBL1254199,-0.36
CHEMBL541307,-1.78
CHEMBL2347964,-1.14
CHEMBL232082,-1.66
CHEMBL600048,-0.6
CHEMBL588119,-1.97
CHEMBL4538066,-1.6
CHEMBL364623,-1.42
CHEMBL3671558,-1.16
CHEMBL127041,-0.55
CHEMBL460732,-2.35
CHEMBL1928890,-0.96
CHEMBL55729,0.18
CHEMBL601828,-0.81
CHEMBL3752248,-0.73
CHEMBL1242119,-1.66
CHEMBL398793,-1.79
CHEMBL4743464,-1.36
CHEMBL1242384,-0.78
CHEMBL3746387,-1.26
CHEMBL4791960,-1.32
CHEMBL5186362,-1.22
CHEMBL3699586,-0.48
CHEMBL343875,-1.69
CHEMBL3775911,-1.15
CHEMBL4787698,0.51
CHEMBL3899216,-0.97
CHEMBL4456688,-1.74
CHEMBL91484,-1.55
CHEMBL3905921,-0.89
CHEMBL552860,-0.4
CHEMBL5070579,-1.6
CHEMBL4591886,-1.13
CHEMBL3765815,-1.8
CHEMBL3133898,-1.17
CHEMBL122411,-1.58
CHEMBL4873830,-1.05
CHEMBL247101,-1.01
CHEMBL371863,-0.24
CHEMBL58,-0.11
CHEMBL327127,-2.33
CHEMBL1830268,-0.39
CHEMBL116748,-0.49
CHEMBL162981,-0.81
CHEMBL1945445,-0.75
CHEMBL1683961,-1.26
CHEMBL1928952,-1.93
CHEMBL1203934,-0.55
CHEMBL2032378,0.39
CHEMBL2374458,-0.83
CHEMBL4550702,-0.62
CHEMBL74432,-1.14
CHEMBL126623,-1.04
CHEMBL3633942,-3.0
CHEMBL1241776,-0.77
CHEMBL347161,-2.68
CHEMBL3604915,0.03
CHEMBL3622620,-1.06
CHEMBL255438,-2.05
CHEMBL4740646,-1.74
CHEMBL2325094,-0.69
CHEMBL334915,-1.11
CHEMBL589119,-1.33
CHEMBL3758802,-0.58
CHEMBL4089588,-0.95
CHEMBL3218000,-1.98
CHEMBL1958035,-0.69
CHEMBL1173602,-0.32
CHEMBL4576626,-2.12
CHEMBL4129607,-0.99
CHEMBL2437477,-0.7
CHEMBL454384,-1.39
CHEMBL4063421,0.06
CHEMBL3133906,-1.38
CHEMBL5176460,-0.99
CHEMBL4549604,-1.78
CHEMBL3753444,-1.55
CHEMBL3943438,-1.14
CHEMBL542729,-0.65
CHEMBL552634,-1.09
CHEMBL1161236,-0.65
CHEMBL1812434,-1.21
CHEMBL3355884,-1.86
CHEMBL1242026,-0.77
CHEMBL4064224,0.12
CHEMBL4578561,-0.79
CHEMBL4593609,-1.23
CHEMBL122260,-0.9
CHEMBL3741960,-0.61
CHEMBL1958026,-0.73
CHEMBL139095,-0.41
CHEMBL352801,-0.69
CHEMBL5180830,-0.02
CHEMBL1204305,-0.65
CHEMBL596059,-1.76
CHEMBL3981041,-1.46
CHEMBL3409484,-1.64
CHEMBL4127897,-1.58
CHEMBL3622644,-0.53
CHEMBL5193594,-2.25
CHEMBL67027,-0.69
CHEMBL1914659,-1.6
CHEMBL2029430,0.49
CHEMBL3747277,-2.56
CHEMBL271113,-0.35
CHEMBL299881,-0.57
CHEMBL2148048,-1.76
CHEMBL1090352,-0.81
CHEMBL205235,-1.63
CHEMBL3818563,-1.67
CHEMBL596736,-1.32
CHEMBL4292351,-0.15
CHEMBL372293,-1.44
CHEMBL1821896,-1.12
CHEMBL4173470,-1.16
CHEMBL5199612,-0.27
CHEMBL429057,-0.46
CHEMBL1947123,-0.35
CHEMBL3759830,-1.26
CHEMBL4792279,-0.08
CHEMBL2178349,-1.25
CHEMBL383121,-0.53
CHEMBL589831,-0.79
CHEMBL3612599,-1.71
CHEMBL4286031,-0.76
CHEMBL4211322,0.03
CHEMBL1828870,-0.95
CHEMBL300083,-0.26
CHEMBL245278,-1.84
CHEMBL5177378,-1.54
CHEMBL3671504,-0.81
CHEMBL57759,-0.79
CHEMBL4294156,-0.61
CHEMBL2148051,-1.62
CHEMBL2064394,-1.45
CHEMBL1946844,-1.95
CHEMBL2205030,-0.15
CHEMBL2381504,-2.72
CHEMBL591050,-0.27
CHEMBL4849721,-1.76
CHEMBL3680376,-1.21
CHEMBL1916951,-0.78
CHEMBL3357644,-1.1
CHEMBL91748,-0.23
CHEMBL5173862,-1.67
CHEMBL589588,-1.31
CHEMBL190567,-0.55
CHEMBL123045,-0.56
CHEMBL4085902,-1.11
CHEMBL1914661,-2.11
CHEMBL3425669,-0.89
CHEMBL598406,-1.97
CHEMBL3623290,-0.96
CHEMBL3663934,-0.44
CHEMBL597096,-2.28
CHEMBL289959,-0.6
CHEMBL113185,-1.0
CHEMBL410635,-0.58
CHEMBL3416598,-1.3
CHEMBL4079501,-0.93
CHEMBL314146,0.71
CHEMBL5190513,-1.15
CHEMBL115745,-0.61
CHEMBL3917698,-1.05
CHEMBL4282523,-1.29
CHEMBL247866,-0.5
CHEMBL79060,-1.82
CHEMBL4878090,-1.22
CHEMBL3818535,-0.33
CHEMBL4453429,-2.13
CHEMBL4438905,-1.21
CHEMBL4279057,-1.4
CHEMBL400413,-2.16
CHEMBL2385968,-1.44
CHEMBL5191292,-1.31
CHEMBL2332119,0.16
CHEMBL1242657,-0.1
CHEMBL2029429,0.05
CHEMBL3671525,-1.36
CHEMBL4089601,-1.44
CHEMBL1440725,-0.12
CHEMBL4470120,-1.17
CHEMBL3671490,-1.11
CHEMBL5220061,-1.34
CHEMBL3676381,-1.47
CHEMBL4756368,-1.63
CHEMBL461311,-1.47
CHEMBL5203711,0.07
CHEMBL3914322,-1.6
CHEMBL2437227,-2.0
CHEMBL172517,-0.6
CHEMBL503253,-2.76
CHEMBL5201128,-1.03
CHEMBL403435,-1.06
CHEMBL135142,-0.85
CHEMBL5203543,-2.14
CHEMBL3403515,-0.2
CHEMBL1914672,-0.92
CHEMBL4291900,-0.5
CHEMBL410253,-0.5
CHEMBL1241858,-0.41
CHEMBL1242750,-0.42
CHEMBL1944641,-1.03
CHEMBL5085118,-1.23
CHEMBL5179952,0.3
CHEMBL2031302,-0.61
CHEMBL509914,-1.04
CHEMBL420624,-0.36
CHEMBL1095465,-1.78
CHEMBL126893,-0.66
CHEMBL3235203,-1.35
CHEMBL1241491,-1.17
CHEMBL4760864,-1.53
CHEMBL118904,-1.23
CHEMBL3234750,-2.16
CHEMBL1830271,-1.22
CHEMBL1822062,-2.13
CHEMBL595374,-1.45
CHEMBL4129902,-0.75
CHEMBL524115,-1.23
CHEMBL474342,-1.46
CHEMBL7775,-0.07
CHEMBL4456359,-1.35
CHEMBL469354,-1.35
CHEMBL3739812,-0.0
CHEMBL3436360,-1.32
CHEMBL4557318,-1.98
CHEMBL149512,0.01
CHEMBL3092313,-1.04
CHEMBL3905242,-0.54
CHEMBL475769,-1.4
CHEMBL3953921,-0.23
CHEMBL3963723,-1.18
CHEMBL3234865,-0.84
CHEMBL52765,-0.49
CHEMBL3217993,-2.55
CHEMBL4458437,-1.45
CHEMBL3805218,-0.73
CHEMBL4447289,-1.06
CHEMBL511874,-0.67
CHEMBL1242470,-0.64
CHEMBL497184,-1.63
CHEMBL127058,-1.53
CHEMBL299622,-0.2
CHEMBL4745195,-1.59
CHEMBL1243255,-0.49
CHEMBL4570333,-1.35
CHEMBL5202945,-2.74
CHEMBL56027,-1.08
CHEMBL4779958,-0.44
CHEMBL4450934,-1.24
CHEMBL1242379,-0.73
CHEMBL522116,-0.17
CHEMBL113535,-0.79
CHEMBL489117,-0.46
CHEMBL4439632,-2.08
CHEMBL1928950,-1.66
CHEMBL4868909,-1.28
CHEMBL1914670,-0.84
CHEMBL598305,-1.77
CHEMBL3623289,-1.05
CHEMBL2437482,0.02
CHEMBL5194966,-1.83
CHEMBL4062617,-0.55
CHEMBL1242749,-0.52
CHEMBL1828872,-0.74
CHEMBL1090350,-0.55
CHEMBL4476689,-0.47
CHEMBL2325096,-0.67
CHEMBL4553484,-1.32
CHEMBL213560,-1.43
CHEMBL125568,-0.61
CHEMBL4286263,-0.32
CHEMBL3758471,-1.15
CHEMBL4276744,-1.15
CHEMBL3234741,-1.91
CHEMBL5191556,0.02
CHEMBL251291,-1.11
CHEMBL2093753,-1.06
CHEMBL4105434,0.31
CHEMBL255170,-1.07
CHEMBL109503,-1.2
CHEMBL323424,-0.63
CHEMBL2283249,-0.04
CHEMBL4082783,-1.97
CHEMBL196925,-1.16
CHEMBL3907533,-1.04
CHEMBL337297,-1.91
CHEMBL3699595,-0.96
CHEMBL61119,-3.1
CHEMBL4443805,-0.66
CHEMBL247512,-1.71
CHEMBL91914,0.02
CHEMBL119156,-0.86
CHEMBL1380839,0.18
CHEMBL1173714,-1.74
CHEMBL440873,-0.92
CHEMBL3671560,-0.95
CHEMBL4103440,0.12
CHEMBL3758951,-1.54
CHEMBL1947121,-0.36
CHEMBL3981621,-1.19
CHEMBL413987,-1.77
CHEMBL4083493,-0.62
CHEMBL4873600,-0.92
CHEMBL60472,-2.2
CHEMBL5208737,-1.93
CHEMBL5172236,0.45
CHEMBL1241482,-1.08
CHEMBL2426285,-0.63
CHEMBL4077228,-1.39
CHEMBL3805588,-1.43
CHEMBL3604917,0.76
CHEMBL91811,-1.59
CHEMBL376967,-1.52
CHEMBL518803,-0.74
CHEMBL310514,0.71
CHEMBL4203110,0.25
CHEMBL201865,0.08
CHEMBL322298,-2.12
CHEMBL2337364,0.36
CHEMBL3425663,-0.65
CHEMBL326044,-1.07
CHEMBL5079081,-0.99
CHEMBL5182465,-0.77
CHEMBL4782900,-0.78
CHEMBL5189183,-1.3
CHEMBL5192572,-1.75
CHEMBL3741424,-2.11
CHEMBL3805325,-0.35
CHEMBL316127,-0.95
CHEMBL205966,-1.62
CHEMBL140213,-0.4
CHEMBL4776396,-1.03
CHEMBL3974626,-0.7
CHEMBL1254523,-1.55
CHEMBL4789027,-1.06
CHEMBL215559,-1.2
CHEMBL1173680,-0.69
CHEMBL2346678,-0.84
CHEMBL592224,-1.17
CHEMBL2437488,0.06
CHEMBL1242472,-0.81
CHEMBL4092003,-0.62
CHEMBL4459564,-1.88
CHEMBL3741768,-3.32
CHEMBL540590,-0.21
CHEMBL3805681,-0.47
CHEMBL214798,-0.54
CHEMBL4857605,-3.0
CHEMBL4105503,-1.24
CHEMBL438075,-2.33
CHEMBL3436358,-1.71
CHEMBL2448065,-0.83
CHEMBL1173688,-0.4
CHEMBL118130,-0.69
CHEMBL4778717,-1.8
CHEMBL272187,-0.61
CHEMBL2310642,-1.92
CHEMBL3944702,-1.16
CHEMBL4066845,-1.8
CHEMBL4065300,-1.28
CHEMBL330323,-1.33
CHEMBL3219135,-1.99
CHEMBL3775536,-0.94
CHEMBL1090360,-0.86
CHEMBL157128,-1.97
CHEMBL136511,-1.05
CHEMBL1243283,-1.7
CHEMBL4071058,-1.28
CHEMBL1230790,0.37
CHEMBL3416629,-1.53
CHEMBL1821872,-0.78
CHEMBL4547332,-1.16
CHEMBL112225,-0.62
CHEMBL1817965,-2.08
CHEMBL5178971,-1.32
CHEMBL4093766,0.17
CHEMBL5175489,-0.76
CHEMBL598307,-2.23
CHEMBL4287401,-1.08
CHEMBL553137,-0.25
CHEMBL3676390,-1.16
CHEMBL1614725,-1.78
CHEMBL4066118,-1.47
CHEMBL544868,0.18
CHEMBL3754722,-0.2
CHEMBL3775046,-1.14
CHEMBL473556,-1.37
CHEMBL419022,-2.97
CHEMBL449114,0.08
CHEMBL93173,-0.94
CHEMBL592457,-0.21
CHEMBL53850,0.23
CHEMBL5178898,-2.5
CHEMBL4777353,-1.54
CHEMBL4083815,0.16
CHEMBL330224,0.14
CHEMBL3958006,-0.53
CHEMBL86531,-0.45
CHEMBL322395,-0.79
CHEMBL87084,0.75
CHEMBL1830260,-0.11
CHEMBL1257912,0.56
CHEMBL3352869,-1.31
CHEMBL3758770,-2.02
CHEMBL3979610,0.26
CHEMBL3741655,-0.95
CHEMBL246073,-1.67
CHEMBL3663927,-0.69
CHEMBL2029432,0.19
CHEMBL4096822,-1.03
CHEMBL3586178,-1.3
CHEMBL597304,-0.78
CHEMBL5087214,-1.73
CHEMBL4073285,-0.48
CHEMBL3916927,-1.11
CHEMBL380454,-1.2
CHEMBL21096,-0.67
CHEMBL5088423,-1.46
CHEMBL590877,-0.52
CHEMBL3760071,-1.17
CHEMBL1097190,-0.77
CHEMBL3234743,-2.06
CHEMBL1272061,-0.79
CHEMBL593294,-1.51
CHEMBL301483,-2.44
CHEMBL3604927,0.08
CHEMBL1202061,-0.79
CHEMBL3806170,-0.51
CHEMBL2029695,-0.89
CHEMBL3655351,-1.37
CHEMBL4084214,-0.2
CHEMBL4080424,-0.67
CHEMBL4450061,-1.34
CHEMBL593911,-1.37
CHEMBL3114689,-1.4
CHEMBL3970063,-0.61
CHEMBL4578466,-1.2
CHEMBL441333,-0.21
CHEMBL4129287,-1.52
CHEMBL3604925,-0.38
CHEMBL3746473,-2.86
CHEMBL1241587,-1.06
CHEMBL92356,-1.43
CHEMBL345203,-1.5
CHEMBL51741,-1.0
CHEMBL3355873,-1.49
CHEMBL524457,-1.72
CHEMBL4792967,-0.76
CHEMBL4776073,-0.73
CHEMBL4081698,-0.35
CHEMBL5199341,0.12
CHEMBL1828878,-1.12
CHEMBL4592472,-1.97
CHEMBL3740102,-0.4
CHEMBL4642574,-0.93
CHEMBL21108,-0.56
CHEMBL3612580,-1.47
CHEMBL5207108,-2.38
CHEMBL597950,-1.55
CHEMBL3671584,-1.07
CHEMBL387207,-2.2
CHEMBL300791,-0.6
CHEMBL3983586,-0.99
CHEMBL1830262,-0.34
CHEMBL3968716,-1.45
CHEMBL1812555,-1.64
CHEMBL464210,-1.45
CHEMBL4474429,-1.43
CHEMBL3671483,-1.39
CHEMBL1172823,-0.69
CHEMBL524117,-1.14
CHEMBL1683969,-1.63
CHEMBL3973862,-0.33
CHEMBL79808,-1.48
CHEMBL3894102,-0.59
CHEMBL591495,-2.11
CHEMBL4161938,-1.34
CHEMBL3676374,-1.41
CHEMBL1683959,-1.45
CHEMBL92902,-0.91
CHEMBL3088222,-0.9
CHEMBL5220529,-0.76
CHEMBL457250,-1.69
CHEMBL1172951,-1.41
CHEMBL485246,-0.56
CHEMBL4205469,0.31
CHEMBL1242209,-1.72
CHEMBL381604,-1.14
CHEMBL519147,-1.86
CHEMBL48802,-0.43
CHEMBL4529308,-1.66
CHEMBL5203195,0.07
CHEMBL153419,0.0
CHEMBL5078816,-0.97
CHEMBL1821870,-2.17
CHEMBL454371,-1.3
CHEMBL543661,-0.89
CHEMBL592713,-0.99
CHEMBL249927,-1.42
CHEMBL247468,-1.56
CHEMBL444724,-0.49
CHEMBL4866476,-1.13
CHEMBL334255,-1.72
CHEMBL489083,0.06
CHEMBL4103201,-1.44
CHEMBL1093099,0.23
CHEMBL3671527,-1.42
CHEMBL3920583,-1.76
CHEMBL432941,-1.53
CHEMBL4575583,-1.76
CHEMBL2408826,-1.19
CHEMBL1950289,-1.81
CHEMBL448172,-1.15
CHEMBL5093794,-1.32
CHEMBL1272222,-0.91
CHEMBL2325108,-1.04
CHEMBL2441568,-0.92
CHEMBL432416,0.19
CHEMBL76979,-0.49
CHEMBL1094835,-2.03
CHEMBL1944920,0.32
CHEMBL4437803,-0.34
CHEMBL271532,-0.31
CHEMBL1933083,-1.14
CHEMBL3984008,-1.38
CHEMBL3647967,-1.18
CHEMBL5198424,-1.14
CHEMBL590714,-1.61
CHEMBL572028,-1.41
CHEMBL5176854,-1.08
CHEMBL2385971,-2.62
CHEMBL3623281,-0.57
CHEMBL3814940,-1.33
CHEMBL2381515,-2.73
CHEMBL1683963,-1.37
CHEMBL2325102,-1.15
CHEMBL3360611,-1.96
CHEMBL184311,-0.28
CHEMBL5200385,-1.04
CHEMBL511839,-1.13
CHEMBL4531697,-1.6
CHEMBL3805461,-0.21
CHEMBL1087368,-1.49
CHEMBL1242290,-0.92
CHEMBL1760035,-0.78
CHEMBL307250,-0.07
CHEMBL94019,-0.64
CHEMBL3086103,-1.19
CHEMBL3947802,0.15
CHEMBL3234736,-1.8
CHEMBL542887,-0.65
CHEMBL65848,-2.31
CHEMBL127611,-1.86
CHEMBL255236,-2.76
CHEMBL3678947,-1.06
CHEMBL3344214,-1.35
CHEMBL3416621,0.29
CHEMBL2408824,-0.83
CHEMBL4162882,-1.07
CHEMBL4781497,0.14
CHEMBL4250273,-1.42
CHEMBL3416619,0.09
CHEMBL2048911,-1.71
CHEMBL3929060,-1.88
CHEMBL3622676,-0.82
CHEMBL3893128,-2.21
CHEMBL197689,-1.3
CHEMBL480356,-0.86
CHEMBL1093815,-0.93
CHEMBL5198368,-0.29
CHEMBL334801,-0.83
CHEMBL207247,-2.13
CHEMBL555921,-0.32
CHEMBL25579,-1.45
CHEMBL3916644,-0.77
CHEMBL4063701,-1.88
CHEMBL134312,-0.61
CHEMBL1161234,-0.91
CHEMBL2425737,-1.15
CHEMBL506414,-1.5
CHEMBL4531912,-2.52
CHEMBL3092319,-0.82
CHEMBL1956891,-0.91
CHEMBL4784185,-1.64
CHEMBL3233761,-1.23
CHEMBL499344,-1.74
CHEMBL5178180,-1.25
CHEMBL1241946,-0.61
CHEMBL1688861,-2.48
CHEMBL437885,-0.5
CHEMBL5206683,-1.34
CHEMBL5198809,-0.01
CHEMBL3759015,-0.95
CHEMBL334026,-0.94
CHEMBL4279863,-1.46
CHEMBL1645473,-0.15
CHEMBL4784258,-1.29
CHEMBL483232,-0.89
CHEMBL4077973,-1.6
CHEMBL3828021,-1.71
CHEMBL3671550,-0.94
CHEMBL4218447,-0.39
CHEMBL4070707,-1.47
CHEMBL17157,-3.44
CHEMBL1272325,-1.81
CHEMBL210378,-1.05
CHEMBL3699597,-0.63
CHEMBL517907,-1.83
CHEMBL5206715,-1.86
CHEMBL604672,-0.69
CHEMBL1958037,-0.45
CHEMBL410659,-0.87
CHEMBL1241944,-0.66
CHEMBL3759280,-1.52
CHEMBL485070,-0.17
CHEMBL3237944,-1.07
CHEMBL597773,-1.36
CHEMBL4079829,0.03
CHEMBL3360613,-1.41
CHEMBL3092321,-0.68
CHEMBL4063301,-0.64
CHEMBL3676339,-1.29
CHEMBL1958209,-0.71
CHEMBL3819553,-1.27
CHEMBL3355879,-1.49
CHEMBL95774,-1.13
CHEMBL3092323,-0.72
CHEMBL444619,-0.86
CHEMBL4445843,-2.28
CHEMBL460894,-1.36
CHEMBL4858535,-1.62
CHEMBL4225565,-1.19
CHEMBL4437943,-2.84
CHEMBL4101774,-1.82
CHEMBL335440,-1.19
CHEMBL3425661,-0.99
CHEMBL272895,-0.41
CHEMBL256362,-1.21
CHEMBL589822,0.61
CHEMBL3612564,-1.4
CHEMBL2152253,-1.64
CHEMBL144159,-2.79
CHEMBL195029,-1.83
CHEMBL3741069,-1.0
CHEMBL3360619,-1.6
CHEMBL4293326,-1.09
CHEMBL5185922,-1.47
CHEMBL203295,-0.31
CHEMBL1242203,-0.65
CHEMBL2047241,-0.54
CHEMBL355891,-0.71
CHEMBL3753235,-1.32
CHEMBL153843,-2.37
CHEMBL298810,0.66
CHEMBL437197,-1.26
CHEMBL257478,-1.49
CHEMBL62701,-1.75
CHEMBL3897153,-1.59
CHEMBL3623283,-1.07
CHEMBL2048791,-0.94
CHEMBL74722,-0.26
CHEMBL5196495,-1.76
CHEMBL1812567,-0.85
CHEMBL2385960,-1.67
CHEMBL460723,-2.24
CHEMBL3921017,-1.16
CHEMBL171256,-0.85
CHEMBL1173192,-0.45
CHEMBL306029,-1.24
CHEMBL4740063,-0.78
CHEMBL3759963,-1.39
CHEMBL4795296,-1.14
CHEMBL4085842,-1.37
CHEMBL4082000,-1.94
CHEMBL4545086,-1.49
CHEMBL1916891,-1.82
CHEMBL1241301,-0.91
CHEMBL3951434,-0.68
CHEMBL1256432,-0.51
CHEMBL272477,-0.35
CHEMBL5207327,-1.87
CHEMBL3622628,-0.97
CHEMBL308498,-1.79
CHEMBL595757,-1.23
CHEMBL3961202,-0.98
CHEMBL2029697,-0.61
CHEMBL5218459,-0.88
CHEMBL393787,-1.94
CHEMBL3985011,-1.05
CHEMBL1241271,-0.72
CHEMBL515401,-1.04
CHEMBL1946846,-0.05
CHEMBL2070195,-1.78
CHEMBL405772,-0.58
CHEMBL4068839,-1.16
CHEMBL4585048,-2.08
CHEMBL247914,-1.31
CHEMBL589801,-0.84
CHEMBL1641992,-0.37
CHEMBL3633940,-1.28
CHEMBL4088971,0.06
CHEMBL3234752,-1.86
CHEMBL3813876,-1.11
CHEMBL126996,-1.77
CHEMBL5207949,-0.44
CHEMBL4213519,-0.58
CHEMBL143805,-0.9
CHEMBL394463,-1.52
CHEMBL2105719,-0.54
CHEMBL4752492,-3.79
CHEMBL3678954,-1.2
CHEMBL5179538,-1.82
CHEMBL444337,-0.73
CHEMBL419409,-1.95
CHEMBL4075241,-0.82
CHEMBL1242024,-0.13
CHEMBL5204535,-1.66
CHEMBL2309507,-1.18
CHEMBL4288482,-0.45
CHEMBL4283061,-1.15
CHEMBL3914227,-1.54
CHEMBL279138,-2.25
CHEMBL2426287,-0.21
CHEMBL1990583,-1.35
CHEMBL76958,-0.32
CHEMBL1821887,-1.96
CHEMBL3360602,-1.65
CHEMBL4637355,0.19
CHEMBL104466,-1.21
CHEMBL3759190,-1.3
CHEMBL428534,-0.96
CHEMBL3612575,-1.46
CHEMBL3655353,-1.54
CHEMBL256529,-1.61
CHEMBL286343,-0.85
CHEMBL1829272,-1.01
CHEMBL1257998,-0.66
CHEMBL1272113,-0.91
CHEMBL1276179,-1.49
CHEMBL1828861,-1.68
CHEMBL5080260,-1.25
CHEMBL3628792,-0.76
CHEMBL2262408,-1.17
CHEMBL1172802,-1.62
CHEMBL4785569,-0.64
CHEMBL189779,-0.61
CHEMBL504135,-0.17
CHEMBL3663936,-0.86
CHEMBL1958024,-0.49
CHEMBL3353403,-0.33
CHEMBL596087,-1.53
CHEMBL2425084,-1.04
CHEMBL4463634,-1.09
CHEMBL3647419,-1.13
CHEMBL461782,-0.33
CHEMBL3905552,-1.02
CHEMBL3133904,-0.53
CHEMBL5189574,-1.22
CHEMBL4213609,-0.09
CHEMBL4443483,-1.47
CHEMBL258940,-0.95
CHEMBL170724,-0.58
CHEMBL4097883,-0.76
CHEMBL2064372,-1.07
CHEMBL2437475,0.03
CHEMBL5178865,-1.5
CHEMBL3680374,-0.79
CHEMBL5172668,-1.13
CHEMBL4165267,-0.81
CHEMBL155607,-0.28
CHEMBL3671492,-0.88
CHEMBL4086821,-1.81
CHEMBL71,0.08
CHEMBL130049,-0.59
CHEMBL3087208,-1.21
CHEMBL4277912,-0.34
CHEMBL514938,-1.42
CHEMBL3676383,-1.52
CHEMBL1098119,-1.81
CHEMBL4276965,-1.75
CHEMBL279459,-0.94
CHEMBL451347,-2.07
CHEMBL3740577,0.02
CHEMBL299026,-2.1
CHEMBL80164,-1.78
CHEMBL110035,-1.18
CHEMBL138363,0.18
CHEMBL155278,0.17
CHEMBL266995,-0.22
CHEMBL3297897,-0.07
CHEMBL3814959,-0.97
CHEMBL291986,-0.73
CHEMBL497863,-2.01
CHEMBL136674,-1.16
CHEMBL51265,-0.66
CHEMBL4868965,-2.23
CHEMBL520839,-0.87
CHEMBL1630116,-2.56
CHEMBL3950630,-1.24
CHEMBL363130,-0.44
CHEMBL5200275,0.26
CHEMBL160846,-1.71
CHEMBL153206,-0.42
CHEMBL4791108,-0.03
CHEMBL3671549,-1.33
CHEMBL491686,-0.68
CHEMBL5086894,-0.99
CHEMBL2385979,-1.73
CHEMBL2087354,-1.23
CHEMBL4288080,-1.08
CHEMBL1914669,-0.6
CHEMBL407534,-0.63
CHEMBL324926,-2.19
CHEMBL271334,-0.5
CHEMBL3357655,-0.88
CHEMBL3622655,-0.38
CHEMBL80809,-1.53
CHEMBL473437,-1.38
CHEMBL248108,-1.82
CHEMBL165788,-0.68
CHEMBL214419,-1.73
CHEMBL195204,-0.65
CHEMBL1173324,-0.7
CHEMBL3919183,-1.14
CHEMBL255135,-1.11
CHEMBL1784637,-2.24
CHEMBL1358485,-1.32
CHEMBL3904205,-1.43
CHEMBL475761,-1.54
CHEMBL111222,-0.59
CHEMBL3966111,-0.67
CHEMBL402113,-1.12
CHEMBL341319,-0.57
CHEMBL3221542,-1.04
CHEMBL477197,-0.5
CHEMBL4753913,-2.76
CHEMBL3235201,-0.75
CHEMBL3416600,-0.15
CHEMBL4437599,-1.53
CHEMBL4278031,-0.06
CHEMBL4635100,-1.09
CHEMBL3957416,-1.24
CHEMBL2283252,0.24
CHEMBL5187762,-2.01
CHEMBL273116,0.05
CHEMBL1077068,-2.33
CHEMBL3910361,-1.22
CHEMBL312818,-1.92
CHEMBL4540295,-1.9
CHEMBL185637,-0.19
CHEMBL3800597,-0.76
CHEMBL3622622,-0.82
CHEMBL3671568,-1.2
CHEMBL1929306,-0.83
CHEMBL158119,-1.73
CHEMBL4747759,-0.51
CHEMBL5189340,-1.35
CHEMBL1233881,-0.67
CHEMBL204330,-0.25
CHEMBL461571,-2.21
CHEMBL453378,-1.15
CHEMBL2312654,-0.19
CHEMBL3699607,-0.5
CHEMBL1945447,-1.15
CHEMBL3092311,-0.88
CHEMBL2426248,-0.03
CHEMBL489308,-0.9
CHEMBL3671481,-1.3
CHEMBL3946232,-0.73
CHEMBL4789796,-1.27
CHEMBL4451986,-1.1
CHEMBL4776751,-1.44
CHEMBL2047019,-1.83
CHEMBL3676355,-1.22
CHEMBL1090362,-1.01
CHEMBL511478,-1.12
CHEMBL4786797,-1.04
CHEMBL1944922,0.46
CHEMBL420885,-0.67
CHEMBL4087740,0.03
CHEMBL3671506,-1.26
CHEMBL428046,-1.84
CHEMBL4876135,-1.95
CHEMBL3754301,-0.76
CHEMBL4565984,-1.54
CHEMBL475351,-0.81
CHEMBL1958220,-0.25
CHEMBL4747893,-1.7
CHEMBL3759369,-0.88
CHEMBL592711,-0.6
CHEMBL4097795,-2.43
CHEMBL1170278,-1.76
CHEMBL3961961,-1.36
CHEMBL4166038,-1.78
CHEMBL2335378,-1.87
CHEMBL1094195,-2.74
CHEMBL225720,-1.14
CHEMBL312451,-2.16
CHEMBL2031313,-1.02
CHEMBL3758351,-1.31
CHEMBL2335015,-0.75
CHEMBL592141,0.15
CHEMBL194389,-0.94
CHEMBL4169489,-0.76
CHEMBL1641998,-0.79
CHEMBL4536115,-1.77
CHEMBL1203936,-1.92
CHEMBL2018765,-0.88
CHEMBL4088760,-1.33
CHEMBL258282,-0.98
CHEMBL293250,-2.0
CHEMBL4092788,-1.75
CHEMBL344177,-0.53
CHEMBL4456266,-1.12
CHEMBL4537422,-1.86
CHEMBL55150,0.17
CHEMBL3233769,-1.12
CHEMBL3935492,-1.94
CHEMBL328295,0.47
CHEMBL4444312,-0.37
CHEMBL1241684,-1.11
CHEMBL3233770,-0.84
CHEMBL5180778,-1.57
CHEMBL426124,-1.28
CHEMBL1821863,-0.45
CHEMBL3671515,-1.14
CHEMBL1821869,-0.83
CHEMBL1242111,0.12
CHEMBL248674,-1.41
CHEMBL3938494,-1.3
CHEMBL3671543,-1.39
CHEMBL4634317,-0.39
CHEMBL3805949,-0.12
CHEMBL3416441,-1.28
CHEMBL4290375,-0.3
CHEMBL1172916,-0.84
CHEMBL490093,-0.95
CHEMBL408105,-1.12
CHEMBL274732,-0.89
CHEMBL258726,-0.68
CHEMBL3263373,-0.71
CHEMBL4778502,-0.71
CHEMBL3901943,-0.51
CHEMBL1088348,-1.76
CHEMBL1944928,0.36
CHEMBL543669,-0.06
CHEMBL4103121,-0.62
CHEMBL18797,0.25
CHEMBL5081817,-1.05
CHEMBL3947759,-1.27
CHEMBL391738,-1.83
CHEMBL4741925,-0.14
CHEMBL2018757,-1.2
CHEMBL5190132,-1.65
CHEMBL3087198,-0.78
CHEMBL4798177,-0.9
CHEMBL2381506,-2.67
CHEMBL126192,-1.65
CHEMBL369967,-1.54
CHEMBL301018,-0.6
CHEMBL3930762,-1.91
CHEMBL4783428,-0.64
CHEMBL45827,-2.08
CHEMBL202421,-2.16
CHEMBL3963403,-0.66
CHEMBL3608431,0.17
CHEMBL347668,-3.58
CHEMBL122243,0.16
CHEMBL372112,-0.56
CHEMBL4460706,-1.9
CHEMBL3699584,-0.57
CHEMBL1934627,-1.81
CHEMBL5208907,-0.65
CHEMBL3798556,0.13
CHEMBL1242844,-0.24
CHEMBL384699,-1.03
CHEMBL525805,-1.96
CHEMBL1098121,-2.18
CHEMBL3604941,-0.45
CHEMBL3928176,0.06
CHEMBL310827,-1.46
CHEMBL3930620,-1.81
CHEMBL3221548,-1.17
CHEMBL4759112,-0.92
CHEMBL2348194,-0.35
CHEMBL3586185,-2.04
CHEMBL3604936,-0.71
CHEMBL4284071,-0.36
CHEMBL4854693,-0.5
CHEMBL4861346,-2.24
CHEMBL138691,-1.04
CHEMBL459729,-1.05
CHEMBL2283258,-1.58
CHEMBL4853833,-2.83
CHEMBL4790655,-1.26
CHEMBL126372,-0.77
CHEMBL3814882,-0.74
CHEMBL4076405,-1.53
CHEMBL3233763,-1.51
CHEMBL3233787,-0.91
CHEMBL4099254,0.28
CHEMBL4081727,-1.33
CHEMBL160566,-0.92
CHEMBL1643971,0.16
CHEMBL4451538,-0.44
CHEMBL204467,-1.76
CHEMBL4245874,-0.25
CHEMBL3745929,-2.84
CHEMBL5194543,0.27
CHEMBL139307,-1.29
CHEMBL3087202,0.21
CHEMBL304414,-1.76
CHEMBL4522613,-0.5
CHEMBL3353410,-1.36
CHEMBL3085375,-1.21
CHEMBL1242201,-0.7
CHEMBL176582,-0.66
CHEMBL492199,-0.63
CHEMBL2337366,0.2
CHEMBL202398,-1.57
CHEMBL1830273,0.1
CHEMBL5208369,-0.11
CHEMBL5190121,-0.08
CHEMBL219557,-1.28
CHEMBL3901622,-1.13
CHEMBL468975,-0.27
CHEMBL1928315,-1.58
CHEMBL3914159,-1.3
CHEMBL3806172,-1.0
CHEMBL3361128,0.15
CHEMBL466615,-1.51
CHEMBL4558356,-1.16
CHEMBL1830279,-0.01
CHEMBL5173596,-1.34
CHEMBL4750608,-1.64
CHEMBL3263379,-0.4
CHEMBL4785849,-0.21
CHEMBL3959632,-0.23
CHEMBL3325477,-1.7
CHEMBL3425672,0.01
CHEMBL3360608,-1.73
CHEMBL3989970,0.42
CHEMBL3671534,-1.21
CHEMBL268501,0.56
CHEMBL4104427,-0.39
CHEMBL4471155,-0.98
CHEMBL4102822,-1.07
CHEMBL3114690,-1.12
CHEMBL3758761,-1.42
CHEMBL4779681,-0.36
CHEMBL2064396,-0.8
CHEMBL1242386,-0.56
CHEMBL3739771,-3.05
CHEMBL437584,-0.81
CHEMBL3735648,0.0
CHEMBL130208,-2.39
CHEMBL5089161,-1.93
CHEMBL4066951,-1.93
CHEMBL385479,-0.78
CHEMBL392664,-1.11
CHEMBL3739750,-0.73
CHEMBL3892567,-1.2
CHEMBL590109,-1.82
CHEMBL1242469,-0.19
CHEMBL501705,-2.26
CHEMBL1683951,-1.32
CHEMBL3936761,-1.07
CHEMBL151593,0.31
CHEMBL346553,-2.37
CHEMBL595615,-1.4
CHEMBL245869,-1.23
CHEMBL50470,-2.22
CHEMBL340399,-1.58
CHEMBL1242758,-0.48
CHEMBL4448691,-1.4
CHEMBL4214567,-0.68
CHEMBL1093234,-0.5
CHEMBL498249,0.14
CHEMBL131590,-2.06
CHEMBL77803,-0.4
CHEMBL3758800,-1.53
CHEMBL358746,-2.5
CHEMBL3676389,-1.23
CHEMBL3092308,-0.95
CHEMBL3902295,-1.53
CHEMBL3966129,-0.4
CHEMBL4792673,-0.69
CHEMBL193160,-0.48
CHEMBL4226562,-0.69
CHEMBL1082012,-1.05
CHEMBL422531,-1.43
CHEMBL1683970,-1.38
CHEMBL2035810,-1.29
CHEMBL2048908,-1.96
CHEMBL3797963,-0.73
CHEMBL3622674,-0.99
CHEMBL4744207,-1.39
CHEMBL188386,-0.8
CHEMBL3671571,-1.56
CHEMBL377250,-1.59
CHEMBL3676346,-1.52
CHEMBL1928949,-1.77
CHEMBL601040,-0.97
CHEMBL4084248,-1.69
CHEMBL4078120,-0.25
CHEMBL4454929,-1.43
CHEMBL595142,-1.52
CHEMBL3676367,-1.41
CHEMBL31656,-0.96
CHEMBL3965075,0.03
CHEMBL3612591,-1.36
CHEMBL169519,-0.49
CHEMBL5174418,-1.0
CHEMBL2333986,-1.49
CHEMBL2424796,-1.19
CHEMBL5206298,-2.06
CHEMBL4575647,-1.17
CHEMBL4757145,-1.37
CHEMBL1241679,-0.0
CHEMBL2442319,-0.28
CHEMBL333418,-0.25
CHEMBL3133757,-1.77
CHEMBL1782692,-0.71
CHEMBL2336359,0.18
CHEMBL4750158,-1.16
CHEMBL3353396,-0.58
CHEMBL4776012,-0.83
CHEMBL4206166,-1.47
CHEMBL3680373,-0.75
CHEMBL4869024,-0.88
CHEMBL4063890,-1.01
CHEMBL3416597,-0.74
CHEMBL3234755,-1.74
CHEMBL2048794,-1.34
CHEMBL4752022,-1.59
CHEMBL244948,-0.58
CHEMBL3813728,-1.31
CHEMBL1232944,0.46
CHEMBL4061283,-1.01
CHEMBL4795888,-1.58
CHEMBL4166210,-1.04
CHEMBL490768,-0.01
CHEMBL129946,-0.12
CHEMBL4098409,-0.98
CHEMBL1172878,-1.08
CHEMBL4557005,-1.23
CHEMBL1242752,-0.9
CHEMBL4166069,-0.54
CHEMBL3806005,-0.3
CHEMBL1242029,-0.31
CHEMBL3931858,-0.81
CHEMBL477,0.15
CHEMBL589413,-0.67
CHEMBL4529183,-1.5
CHEMBL131020,-1.09
CHEMBL251125,-1.71
CHEMBL208358,-2.21
CHEMBL246356,-1.96
CHEMBL3699589,-0.53
CHEMBL31745,-0.96
CHEMBL3753157,-0.33
CHEMBL3956430,-1.02
CHEMBL319540,0.16
CHEMBL1242295,-0.84
CHEMBL591213,-1.37
CHEMBL3357641,-0.96
CHEMBL2426377,0.1
CHEMBL4447962,-1.23
CHEMBL5177090,-0.6
CHEMBL4297674,-0.58
CHEMBL120667,-0.47
CHEMBL523059,-2.06
CHEMBL1956887,-1.68
CHEMBL272865,-1.04
CHEMBL3233780,-1.51
CHEMBL3915538,-1.31
CHEMBL3971413,-1.81
CHEMBL516022,-0.17
CHEMBL4457018,-0.64
CHEMBL3774471,-1.02
CHEMBL3814694,-1.0
CHEMBL3233794,-1.65
CHEMBL3740257,-0.14
CHEMBL4646644,0.33
CHEMBL545315,-0.91
CHEMBL515598,-1.08
CHEMBL3671581,-1.01
CHEMBL3221556,-1.25
CHEMBL2336361,0.43
CHEMBL3950549,-0.86
CHEMBL3678953,-1.19
CHEMBL3805849,-0.3
CHEMBL5180894,-1.34
CHEMBL2316156,-1.13
CHEMBL3983460,-0.84
CHEMBL4075917,-1.11
CHEMBL202556,-1.08
CHEMBL5069689,-1.37
CHEMBL4559807,-1.1
CHEMBL427298,-0.32
CHEMBL4074601,-0.97
CHEMBL86754,0.21
CHEMBL2048905,-1.29
CHEMBL1945644,-1.01
CHEMBL311129,-0.53
CHEMBL179224,-0.54
CHEMBL3906473,-0.87
CHEMBL3612572,-1.4
CHEMBL4130016,-1.43
CHEMBL5180914,-1.59
CHEMBL5203385,-1.9
CHEMBL245277,-2.04
CHEMBL321193,-2.0
CHEMBL1081198,-1.31
CHEMBL4749862,-1.21
CHEMBL4078431,-1.68
CHEMBL328244,-0.61
CHEMBL2047026,-1.41
CHEMBL4225863,-0.48
CHEMBL3940909,-1.62
CHEMBL3910422,0.23
CHEMBL514942,-1.53
CHEMBL4759127,-1.25
CHEMBL140,-1.5
CHEMBL4745877,-1.89
CHEMBL2064391,-1.14
CHEMBL3416635,-1.43
CHEMBL4447196,-2.01
CHEMBL2385983,-0.31
CHEMBL4072688,-1.43
CHEMBL605337,-1.11
CHEMBL4126797,0.03
CHEMBL122182,-1.01
CHEMBL3982619,-0.65
CHEMBL4226907,-1.25
CHEMBL291514,-0.86
CHEMBL204638,-1.73
CHEMBL4446992,-1.95
CHEMBL4224932,-1.01
CHEMBL3633929,-1.2
CHEMBL5188940,-1.26
CHEMBL304971,-0.81
CHEMBL5203118,0.21
CHEMBL3219129,-1.46
CHEMBL1229592,-0.03
CHEMBL4453276,-1.05
CHEMBL592200,-1.52
CHEMBL2221249,-3.47
CHEMBL4091921,-1.25
CHEMBL1958215,-0.65
CHEMBL488101,-1.79
CHEMBL5192750,-1.46
CHEMBL420254,-0.28
CHEMBL116919,-0.54
CHEMBL5179357,-1.34
CHEMBL4066141,-1.72
CHEMBL4297865,0.1
CHEMBL1271618,-1.47
CHEMBL3942228,-1.22
CHEMBL5218879,-0.87
CHEMBL406845,-0.43
CHEMBL1958023,-0.36
CHEMBL4101193,-0.76
CHEMBL3087195,-1.25
CHEMBL247104,-1.66
CHEMBL4175782,-1.87
CHEMBL3416590,-1.54
CHEMBL4465103,-1.54
CHEMBL3671539,-1.21
CHEMBL3814816,-0.99
CHEMBL4788364,-1.22
CHEMBL1087054,-1.38
CHEMBL120185,-0.47
CHEMBL4284911,-0.37
CHEMBL3741526,-1.52
CHEMBL4850239,-0.03
CHEMBL4552065,-1.39
CHEMBL380078,-1.9
CHEMBL193544,-0.9
CHEMBL1812573,-1.42
CHEMBL1270795,0.82
CHEMBL1241774,-1.45
CHEMBL3890751,-1.71
CHEMBL2018750,-0.44
CHEMBL3798658,-1.56
CHEMBL5174629,-1.03
CHEMBL4748320,-1.14
CHEMBL3752404,-1.09
CHEMBL1242286,-0.97
CHEMBL169920,-0.45
CHEMBL4642158,-1.37
CHEMBL371888,-0.9
CHEMBL257873,-1.27
CHEMBL3353404,-0.41
CHEMBL5178703,-1.29
CHEMBL4746377,-0.37
CHEMBL4206312,0.15
CHEMBL4435233,-2.5
CHEMBL3098321,-1.82
CHEMBL3890186,-1.38
CHEMBL603968,-1.13
CHEMBL2437478,0.02
CHEMBL3671495,-1.22
CHEMBL4250210,0.1
CHEMBL602728,-1.6
CHEMBL35820,-0.42
CHEMBL271617,-0.87
CHEMBL3263967,-1.65
CHEMBL3622625,-0.74
CHEMBL53898,-1.01
CHEMBL1910268,-0.34
CHEMBL543600,-0.95
CHEMBL1242660,-1.13
CHEMBL207687,-1.21
CHEMBL298931,-0.01
CHEMBL3906330,-1.75
CHEMBL3972981,-1.35
CHEMBL491676,-1.32
CHEMBL3699613,-0.87
CHEMBL4225571,-0.67
CHEMBL608860,-0.95
CHEMBL4800533,0.06
CHEMBL370808,-1.39
CHEMBL1172947,-0.84
CHEMBL370266,-2.09
CHEMBL4117373,-1.1
CHEMBL2335018,-0.76
CHEMBL3763796,-2.5
CHEMBL3357636,-0.88
CHEMBL535,-0.43
CHEMBL4642842,-0.6
CHEMBL306315,0.25
CHEMBL78018,-1.28
CHEMBL4281426,-1.27
CHEMBL542484,-0.46
CHEMBL57323,-1.14
CHEMBL3355886,-1.84
CHEMBL1828882,-0.79
CHEMBL1641995,-0.43
CHEMBL3915306,-1.85
CHEMBL3221551,-0.69
CHEMBL3671576,-1.31
CHEMBL378370,-0.8
CHEMBL3233793,-1.72
CHEMBL2425089,-0.98
CHEMBL3325470,-1.12
CHEMBL3612596,-1.41
CHEMBL486437,-1.76
CHEMBL5206400,-0.45
CHEMBL3907756,-0.77
CHEMBL2021575,-1.37
CHEMBL67003,-1.75
CHEMBL3978686,-0.83
CHEMBL3263374,-0.66
CHEMBL456758,-1.72
CHEMBL5206697,-0.68
CHEMBL302552,-2.13
CHEMBL1242755,-1.31
CHEMBL3699621,-0.89
CHEMBL3931038,-0.21
CHEMBL207410,-2.14
CHEMBL3951754,-0.82
CHEMBL365805,-0.35
CHEMBL450396,-1.45
CHEMBL4743566,-1.8
CHEMBL4090083,-2.03
CHEMBL5209046,-1.37
CHEMBL2032377,-0.15
CHEMBL447223,-0.72
CHEMBL382862,-0.1
CHEMBL2029689,-0.76
CHEMBL3092305,-1.4
CHEMBL1242381,-1.32
CHEMBL4096021,-1.63
CHEMBL57663,0.29
CHEMBL3699600,-1.41
CHEMBL4280395,-0.44
CHEMBL311111,-1.25
CHEMBL138125,-1.14
CHEMBL567197,-1.7
CHEMBL248392,-1.98
CHEMBL90595,-1.27
CHEMBL3806066,-0.73
CHEMBL59099,-0.95
CHEMBL203725,-0.52
CHEMBL2325088,-1.08
CHEMBL4540442,-1.54
CHEMBL600381,-2.06
CHEMBL4460151,-2.13
CHEMBL4081252,-1.01
CHEMBL592708,-0.05
CHEMBL2337372,0.55
CHEMBL5198920,-0.27
CHEMBL4203001,-1.52
CHEMBL3742059,-3.07
CHEMBL424625,-1.21
CHEMBL3133903,-1.2
CHEMBL4088617,-0.44
CHEMBL202244,0.29
CHEMBL165495,0.09
CHEMBL1928312,-1.34
CHEMBL77524,0.16
CHEMBL443268,-1.66
CHEMBL4099329,-0.53
CHEMBL335718,-2.1
CHEMBL3805774,-0.63
CHEMBL51320,-0.53
CHEMBL5095169,-2.16
CHEMBL4441745,-2.51
CHEMBL4128415,-1.57
CHEMBL327307,-0.92
CHEMBL4857353,-1.56
CHEMBL1173816,-0.93
CHEMBL4868797,-0.95
CHEMBL173498,-0.44
CHEMBL3674151,-1.59
CHEMBL3633930,-1.25
CHEMBL483313,-1.81
CHEMBL606027,-1.1
CHEMBL462338,-0.27
CHEMBL5077665,-0.76
CHEMBL3912266,-0.72
CHEMBL544833,-1.0
CHEMBL281467,-0.84
CHEMBL1958212,-0.26
CHEMBL4440012,-1.3
CHEMBL1645467,-0.6
CHEMBL3671544,-1.46
CHEMBL542891,-1.81
CHEMBL1907944,-0.94
CHEMBL3671498,-1.12
CHEMBL3655347,-1.66
CHEMBL3622617,-0.61
CHEMBL3971939,-1.44
CHEMBL3233777,-1.42
CHEMBL1630108,-1.76
CHEMBL500640,-1.79
CHEMBL1821864,-0.5
CHEMBL4446124,-1.17
CHEMBL3353409,-0.88
CHEMBL129825,-1.41
CHEMBL4648924,-1.58
CHEMBL2347961,-1.55
CHEMBL1241683,-1.51
CHEMBL2322330,-1.62
CHEMBL207584,-1.09
CHEMBL25425,-1.01
CHEMBL3655340,-1.44
CHEMBL2426280,-0.13
CHEMBL5087785,-0.2
CHEMBL3746168,-2.87
CHEMBL606403,-1.22
CHEMBL109428,-0.65
CHEMBL3671518,-1.03
CHEMBL1947045,0.27
CHEMBL182397,-1.13
CHEMBL480348,-1.45
CHEMBL266182,-0.99
CHEMBL214487,-1.87
CHEMBL169570,-0.11
CHEMBL3085378,-1.84
CHEMBL3961982,-1.7
CHEMBL160303,-2.02
CHEMBL4099713,-0.09
CHEMBL3699583,-0.23
CHEMBL1241950,-1.14
CHEMBL4289274,-1.67
CHEMBL4792426,-1.38
CHEMBL246492,-1.54
CHEMBL1914656,-1.21
CHEMBL75718,0.4
CHEMBL2425083,-1.28
CHEMBL3883652,0.34
CHEMBL357097,-0.14
CHEMBL592004,-1.27
CHEMBL335931,-2.17
CHEMBL4126986,-0.49
CHEMBL1944931,-1.85
CHEMBL3098313,-1.15
CHEMBL3655337,-2.13
CHEMBL1812431,-1.25
CHEMBL4637274,-1.82
CHEMBL4587222,-2.02
CHEMBL186747,-1.4
CHEMBL3604931,-0.46
CHEMBL4438856,-2.23
CHEMBL3678959,-1.47
CHEMBL426580,-0.62
CHEMBL3815115,-1.1
CHEMBL3699619,-1.38
CHEMBL5200988,-1.43
CHEMBL68920,-1.09
CHEMBL271587,-0.56
CHEMBL4213082,0.28
CHEMBL5187169,-0.84
CHEMBL206347,-1.18
CHEMBL3622652,-1.03
CHEMBL77825,-0.3
CHEMBL5173070,0.34
CHEMBL162508,-0.96
CHEMBL1242569,-0.96
CHEMBL2064403,-1.2
CHEMBL2018762,-1.18
CHEMBL2148047,-1.96
CHEMBL3133897,-1.25
CHEMBL3752916,-0.68
CHEMBL379017,-0.33
CHEMBL3622658,-0.88
CHEMBL1829275,-1.65
CHEMBL4177348,-0.76
CHEMBL3774926,-1.35
CHEMBL3628817,0.2
CHEMBL1198370,-0.63
CHEMBL1917092,-1.16
CHEMBL4065970,-1.5
CHEMBL9470,-0.36
CHEMBL31816,-0.66
CHEMBL137082,-1.04
CHEMBL3752139,-0.03
CHEMBL2385984,-1.61
CHEMBL2029426,0.5
CHEMBL195437,-0.42
CHEMBL3676352,-1.29
CHEMBL3676358,-1.48
CHEMBL4241486,-0.27
CHEMBL4073595,-2.17
CHEMBL3912361,-2.3
CHEMBL334032,-1.93
CHEMBL4103757,-1.71
CHEMBL2420867,-0.52
CHEMBL251314,-2.62
CHEMBL1171638,-0.02
CHEMBL402553,-0.75
CHEMBL538814,-0.81
CHEMBL3676360,-1.42
CHEMBL136178,-1.09
CHEMBL2385990,-2.47
CHEMBL3655354,-1.94
CHEMBL311564,0.26
CHEMBL233325,-1.82
CHEMBL3263960,-1.36
CHEMBL3754040,-0.01
CHEMBL4519305,-1.04
CHEMBL1242376,-0.35
CHEMBL1242658,-0.41
CHEMBL2385967,-2.46
CHEMBL3612578,-1.44
CHEMBL4553504,-1.03
CHEMBL5184048,0.44
CHEMBL3805333,-0.86
CHEMBL1241773,-0.84
CHEMBL4463094,-0.71
CHEMBL3344208,-1.6
CHEMBL2426277,0.14
CHEMBL2087359,-0.99
CHEMBL55425,-0.95
CHEMBL1821880,-0.72
CHEMBL144760,-1.48
CHEMBL256297,-1.32
CHEMBL1958029,-0.15
CHEMBL3133909,-1.18
CHEMBL5170804,-0.31
CHEMBL5085136,-1.6
CHEMBL112925,0.01
CHEMBL3087205,-0.54
CHEMBL2087353,-0.84
CHEMBL57366,-2.02
CHEMBL4202780,-1.36
CHEMBL3671501,-1.07
CHEMBL4794223,-0.79
CHEMBL2032380,0.08
CHEMBL2283255,-0.44
CHEMBL3953221,-0.3
CHEMBL5187021,-1.18
CHEMBL4752951,-1.1
CHEMBL4081429,-1.72
CHEMBL214689,-1.85
CHEMBL3759980,-1.27
CHEMBL109259,-0.56
CHEMBL5181848,0.22
CHEMBL5179023,-1.49
CHEMBL328704,-1.3
CHEMBL3403509,-0.84
CHEMBL3416446,-0.9
CHEMBL3663931,-0.87
CHEMBL603,-2.44
CHEMBL126483,-0.43
CHEMBL3917105,-1.49
