,793X,723X,844X,726X,856X,718X,745X,854X,797X,800X,743X,788X,716X,791X,790X,796X,855X,774X,804X,720X,841X,792X,777X,799X,728X,747X,794X,775X,719X,795X,859X,766X,769X,828X,833X,717X,776X,842X,801X,845X
CHEMBL203645_diffdock_4_complex,"['hbond', 'hbond']",['hydroph_interaction'],['hydroph_interaction'],['hydroph_interaction'],"['hydroph_interaction', 'hydroph_interaction']",0,0,0,0,0,0,0,0,0,0,0,0,0,0,0,0,0,0,0,0,0,0,0,0,0,0,0,0,0,0,0,0,0,0,0
CHEMBL3763790_diffdock_6_complex,['hbond'],0,"['hydroph_interaction', 'hydroph_interaction']",0,"['hydroph_interaction', 'hydroph_interaction']",['hydroph_interaction'],['hydroph_interaction'],['hydroph_interaction'],0,0,0,0,0,0,0,0,0,0,0,0,0,0,0,0,0,0,0,0,0,0,0,0,0,0,0,0,0,0,0,0
CHEMBL166093_diffdock_6_complex,['hbond'],0,0,['hydroph_interaction'],['hydroph_interaction'],['hbond'],['hydroph_interaction'],0,['hbond'],0,0,0,0,0,0,0,0,0,0,0,0,0,0,0,0,0,0,0,0,0,0,0,0,0,0,0,0,0,0,0
CHEMBL2032376_diffdock_6_complex,"['hbond', 'hbond']",0,"['hydroph_interaction', 'hydroph_interaction']",0,0,['hydroph_interaction'],0,0,0,['saltbridge'],['hydroph_interaction'],0,0,0,0,0,0,0,0,0,0,0,0,0,0,0,0,0,0,0,0,0,0,0,0,0,0,0,0,0
CHEMBL3814211_diffdock_5_complex,['hbond'],0,['hydroph_interaction'],"['hydroph_interaction', 'hydroph_interaction']",['hydroph_interaction'],"['hbond', 'hydroph_interaction']",['hydroph_interaction'],0,0,0,0,['halogenbond'],0,0,0,0,0,0,0,0,0,0,0,0,0,0,0,0,0,0,0,0,0,0,0,0,0,0,0,0
CHEMBL2437460_diffdock_8_complex,['hbond'],0,['hydroph_interaction'],0,['hydroph_interaction'],"['hydroph_interaction', 'hydroph_interaction']",0,0,0,0,0,0,0,0,0,0,0,0,0,0,0,0,0,0,0,0,0,0,0,0,0,0,0,0,0,0,0,0,0,0
CHEMBL2031296_diffdock_5_complex,['hbond'],0,['hydroph_interaction'],0,"['hydroph_interaction', 'hydroph_interaction']",['hydroph_interaction'],['hydroph_interaction'],['hydroph_interaction'],0,0,0,0,0,0,0,0,0,0,0,0,0,0,0,0,0,0,0,0,0,0,0,0,0,0,0,0,0,0,0,0
CHEMBL3763790_diffdock_7_complex,0,0,['hydroph_interaction'],['hydroph_interaction'],0,['hydroph_interaction'],0,0,0,0,0,0,['hbond'],['hydroph_interaction'],['hydroph_interaction'],0,0,0,0,0,0,0,0,0,0,0,0,0,0,0,0,0,0,0,0,0,0,0,0,0
CHEMBL3676384_diffdock_2_complex,['hbond'],0,0,0,"['hydroph_interaction', 'hydroph_interaction']","['hbond', 'hbond', 'hydroph_interaction']",['hydroph_interaction'],['hydroph_interaction'],0,0,0,['halogenbond'],['hbond'],0,0,0,0,0,0,0,0,0,0,0,0,0,0,0,0,0,0,0,0,0,0,0,0,0,0,0
CHEMBL69071_diffdock_3_complex,['hbond'],0,['hydroph_interaction'],0,"['hydroph_interaction', 'hydroph_interaction']",0,0,['hydroph_interaction'],0,0,0,0,0,0,0,['hbond'],['halogenbond'],0,0,0,0,0,0,0,0,0,0,0,0,0,0,0,0,0,0,0,0,0,0,0
CHEMBL4228672_diffdock_6_complex,['hbond'],['hydroph_interaction'],['hydroph_interaction'],['hydroph_interaction'],['hydroph_interaction'],0,0,0,['hbond'],0,0,0,0,0,0,['hbond'],0,0,0,0,0,0,0,0,0,0,0,0,0,0,0,0,0,0,0,0,0,0,0,0
CHEMBL1090364_diffdock_1_complex,"['hbond', 'hbond']",0,['hydroph_interaction'],['hydroph_interaction'],['hydroph_interaction'],"['hbond', 'hydroph_interaction', 'hydroph_interaction']","['hbond', 'hydroph_interaction', 'hydroph_interaction']",0,0,0,['hydroph_interaction'],0,0,0,['hydroph_interaction'],0,['hbond'],['hydroph_interaction'],0,0,0,0,0,0,0,0,0,0,0,0,0,0,0,0,0,0,0,0,0,0
CHEMBL460721_diffdock_10_complex,['hbond'],['hydroph_interaction'],['hydroph_interaction'],['hydroph_interaction'],"['hydroph_interaction', 'hydroph_interaction']",['hydroph_interaction'],0,0,0,['saltbridge'],0,0,0,0,0,0,0,0,0,0,0,0,0,0,0,0,0,0,0,0,0,0,0,0,0,0,0,0,0,0
CHEMBL4787951_diffdock_6_complex,['hbond'],['hydroph_interaction'],"['hydroph_interaction', 'hydroph_interaction']",['hydroph_interaction'],['hydroph_interaction'],['hydroph_interaction'],['hydroph_interaction'],0,0,0,0,0,0,0,0,0,['hbond'],0,['saltbridge'],0,0,0,0,0,0,0,0,0,0,0,0,0,0,0,0,0,0,0,0,0
CHEMBL4745521_diffdock_9_complex,['hbond'],0,['hydroph_interaction'],"['hydroph_interaction', 'hydroph_interaction']",['hydroph_interaction'],['hydroph_interaction'],"['hydroph_interaction', 'hydroph_interaction']",0,0,0,0,0,0,0,0,0,0,0,0,0,0,0,0,0,0,0,0,0,0,0,0,0,0,0,0,0,0,0,0,0
CHEMBL3132872_diffdock_1_complex,['hbond'],0,['hydroph_interaction'],['hydroph_interaction'],['hydroph_interaction'],"['hydroph_interaction', 'hydroph_interaction']",['hydroph_interaction'],0,0,0,0,0,0,0,['hydroph_interaction'],0,0,0,0,0,0,0,0,0,0,0,0,0,0,0,0,0,0,0,0,0,0,0,0,0
CHEMBL4228672_diffdock_7_complex,['hbond'],['hydroph_interaction'],0,['hydroph_interaction'],"['hydroph_interaction', 'hydroph_interaction']",['hydroph_interaction'],0,0,0,['saltbridge'],0,0,0,0,0,0,0,0,0,['halogenbond'],0,0,0,0,0,0,0,0,0,0,0,0,0,0,0,0,0,0,0,0
CHEMBL3814211_diffdock_8_complex,['hbond'],0,['hydroph_interaction'],"['hydroph_interaction', 'hydroph_interaction']",['hydroph_interaction'],['hydroph_interaction'],"['hydroph_interaction', 'hydroph_interaction']",0,0,0,0,['halogenbond'],0,0,0,0,0,0,0,0,0,0,0,0,0,0,0,0,0,0,0,0,0,0,0,0,0,0,0,0
CHEMBL166093_diffdock_3_complex,['hbond'],0,['hydroph_interaction'],0,"['hydroph_interaction', 'hydroph_interaction']",['hbond'],['hydroph_interaction'],['hydroph_interaction'],0,0,0,0,0,0,0,0,0,0,0,0,0,0,0,0,0,0,0,0,0,0,0,0,0,0,0,0,0,0,0,0
CHEMBL3814211_diffdock_10_complex,['hbond'],0,['hydroph_interaction'],['hydroph_interaction'],['hydroph_interaction'],0,"['hydroph_interaction', 'hydroph_interaction']",0,0,0,0,['halogenbond'],0,0,0,0,0,0,0,0,0,0,0,0,0,0,0,0,0,0,0,0,0,0,0,0,0,0,0,0
CHEMBL166093_diffdock_4_complex,['hbond'],0,['hydroph_interaction'],0,"['hydroph_interaction', 'hydroph_interaction']",0,['hydroph_interaction'],['hydroph_interaction'],0,0,0,0,0,0,0,0,0,0,0,0,0,0,0,0,0,0,0,0,0,0,0,0,0,0,0,0,0,0,0,0
CHEMBL1090364_diffdock_3_complex,"['hbond', 'hbond']",0,['hydroph_interaction'],['hydroph_interaction'],['hydroph_interaction'],['hydroph_interaction'],"['hbond', 'hydroph_interaction', 'hydroph_interaction']",0,0,0,0,0,0,0,['hydroph_interaction'],0,"['hbond', 'hydroph_interaction']",['hydroph_interaction'],0,0,0,0,0,0,0,0,0,0,0,0,0,0,0,0,0,0,0,0,0,0
CHEMBL3132872_diffdock_7_complex,['hbond'],0,['hydroph_interaction'],0,['hydroph_interaction'],['hydroph_interaction'],['hydroph_interaction'],['hydroph_interaction'],0,0,0,0,0,0,0,0,0,0,0,0,0,0,0,0,0,0,0,0,0,0,0,0,0,0,0,0,0,0,0,0
CHEMBL5198812_diffdock_6_complex,0,"['hydroph_interaction', 'hydroph_interaction']",['hydroph_interaction'],['hydroph_interaction'],"['hydroph_interaction', 'hydroph_interaction']",0,['pication'],0,0,0,0,0,0,0,0,0,0,0,0,0,0,0,0,0,0,0,0,0,0,0,0,0,0,0,0,0,0,0,0,0
CHEMBL4794670_diffdock_6_complex,['hbond'],0,['hydroph_interaction'],0,['hydroph_interaction'],0,"['pication', 'hydroph_interaction', 'hydroph_interaction']",['hydroph_interaction'],['hbond'],0,['hydroph_interaction'],"['hydroph_interaction', 'halogenbond']",0,['hbond'],0,0,0,0,0,0,0,0,0,0,0,0,0,0,0,0,0,0,0,0,0,0,0,0,0,0
CHEMBL4443188_diffdock_9_complex,['hbond'],0,0,['hydroph_interaction'],['hydroph_interaction'],0,['hydroph_interaction'],0,0,0,0,['halogenbond'],0,0,0,0,['hbond'],0,0,0,0,0,0,0,0,0,0,0,0,0,0,0,0,0,0,0,0,0,0,0
CHEMBL29197_diffdock_1_complex,['hbond'],0,0,"['hydroph_interaction', 'hydroph_interaction']","['hydroph_interaction', 'hydroph_interaction']",['hydroph_interaction'],['hydroph_interaction'],['hydroph_interaction'],0,0,0,0,0,0,0,0,0,0,0,0,0,0,0,0,0,0,0,0,0,0,0,0,0,0,0,0,0,0,0,0
CHEMBL3741026_diffdock_10_complex,0,0,0,0,0,0,0,0,0,0,0,0,0,0,0,0,0,0,0,0,0,0,0,0,0,0,0,0,0,0,0,0,0,0,0,0,0,0,0,0
CHEMBL3967836_diffdock_8_complex,"['hbond', 'hbond']",0,['hydroph_interaction'],0,['hydroph_interaction'],['hydroph_interaction'],0,0,0,0,['hydroph_interaction'],0,0,0,0,0,0,0,0,0,"['hbond', 'hydroph_interaction']",0,0,0,0,0,0,0,0,0,0,0,0,0,0,0,0,0,0,0
CHEMBL4439338_diffdock_7_complex,['hbond'],0,0,0,['hydroph_interaction'],['hydroph_interaction'],"['hbond', 'pication']",['hydroph_interaction'],0,['saltbridge'],0,['hydroph_interaction'],0,0,0,0,['hbond'],0,0,0,0,['hydroph_interaction'],0,0,0,0,0,0,0,0,0,0,0,0,0,0,0,0,0,0
CHEMBL460721_diffdock_9_complex,['hbond'],0,['hydroph_interaction'],0,"['hydroph_interaction', 'hydroph_interaction']",0,['hydroph_interaction'],['hydroph_interaction'],0,0,0,0,0,0,['hydroph_interaction'],['hbond'],0,0,0,0,0,0,0,0,0,0,0,0,0,0,0,0,0,0,0,0,0,0,0,0
CHEMBL2437460_diffdock_4_complex,['hbond'],['hydroph_interaction'],['hydroph_interaction'],['hydroph_interaction'],['hydroph_interaction'],"['hydroph_interaction', 'hydroph_interaction']",0,0,0,0,0,0,0,0,0,0,0,0,0,0,0,0,0,0,0,0,0,0,0,0,0,0,0,0,0,0,0,0,0,0
CHEMBL4080720_diffdock_9_complex,['hbond'],0,0,"['hydroph_interaction', 'hydroph_interaction']","['hydroph_interaction', 'hydroph_interaction']",['hydroph_interaction'],['hydroph_interaction'],['hydroph_interaction'],0,0,0,['halogenbond'],0,0,0,0,0,0,0,['hbond'],0,['hydroph_interaction'],0,0,0,0,0,0,0,0,0,0,0,0,0,0,0,0,0,0
CHEMBL5198812_diffdock_8_complex,0,['hydroph_interaction'],"['hydroph_interaction', 'hydroph_interaction']","['hydroph_interaction', 'hydroph_interaction']",['hydroph_interaction'],"['hydroph_interaction', 'hydroph_interaction']","['hbond', 'pication', 'hydroph_interaction', 'hydroph_interaction']",0,0,0,['hydroph_interaction'],0,0,0,0,0,"['hbond', 'hbond']",0,0,0,0,['hydroph_interaction'],0,0,0,0,0,0,0,0,0,0,0,0,0,0,0,0,0,0
CHEMBL461967_diffdock_1_complex,['hbond'],0,['hydroph_interaction'],['hydroph_interaction'],['hydroph_interaction'],"['hydroph_interaction', 'hydroph_interaction']",['hydroph_interaction'],0,0,0,0,0,0,0,0,0,['hbond'],0,0,0,['hydroph_interaction'],0,0,0,0,0,0,0,0,0,0,0,0,0,0,0,0,0,0,0
CHEMBL1090364_diffdock_2_complex,"['hbond', 'hbond']",0,['hydroph_interaction'],['hydroph_interaction'],['hydroph_interaction'],['hydroph_interaction'],"['hbond', 'hydroph_interaction', 'hydroph_interaction']",['hydroph_interaction'],0,0,0,0,0,0,0,0,"['hbond', 'hydroph_interaction']",0,0,0,0,0,0,0,0,0,0,0,0,0,0,0,0,0,0,0,0,0,0,0
CHEMBL4759072_diffdock_7_complex,['hbond'],0,['hydroph_interaction'],"['hydroph_interaction', 'hydroph_interaction']",['hydroph_interaction'],"['hbond', 'hydroph_interaction']","['hydroph_interaction', 'hydroph_interaction']",0,0,0,0,0,0,0,0,0,0,0,0,0,0,0,0,0,0,0,0,0,0,0,0,0,0,0,0,0,0,0,0,0
CHEMBL3676384_diffdock_5_complex,['hbond'],0,['hydroph_interaction'],0,"['hydroph_interaction', 'hydroph_interaction']",['hydroph_interaction'],"['hydroph_interaction', 'hydroph_interaction']",['hydroph_interaction'],0,0,0,['halogenbond'],0,0,0,0,0,0,0,0,0,0,0,0,0,0,0,0,0,0,0,0,0,0,0,0,0,0,0,0
CHEMBL4080720_diffdock_1_complex,['hbond'],0,['hydroph_interaction'],0,['hydroph_interaction'],0,['hydroph_interaction'],0,0,['hbond'],0,0,0,0,0,0,0,0,0,0,0,0,0,0,0,0,0,0,0,0,0,0,0,0,0,0,0,0,0,0
CHEMBL3132872_diffdock_10_complex,0,0,0,0,0,0,0,0,0,0,0,0,0,0,0,0,0,0,0,0,0,0,0,0,0,0,0,0,0,0,0,0,0,0,0,0,0,0,0,0
CHEMBL5088102_diffdock_2_complex,"['hbond', 'hbond']",['hydroph_interaction'],['hydroph_interaction'],['hydroph_interaction'],"['hydroph_interaction', 'hydroph_interaction']","['hydroph_interaction', 'hydroph_interaction']",['hbond'],0,0,0,['hydroph_interaction'],0,0,0,0,0,0,0,0,0,0,0,0,0,0,0,0,0,0,0,0,0,0,0,0,0,0,0,0,0
CHEMBL419137_diffdock_5_complex,['hbond'],0,0,"['hydroph_interaction', 'hydroph_interaction']","['hydroph_interaction', 'hydroph_interaction']",['hydroph_interaction'],"['pication', 'hydroph_interaction']",['hydroph_interaction'],0,0,0,0,0,0,0,0,0,0,0,0,0,['hydroph_interaction'],0,0,0,0,0,0,0,0,0,0,0,0,0,0,0,0,0,0
CHEMBL3663925_diffdock_10_complex,"['hbond', 'hbond']",0,['hydroph_interaction'],['hydroph_interaction'],['hydroph_interaction'],0,0,['hydroph_interaction'],0,0,0,0,0,['hbond'],0,0,0,0,0,0,0,0,0,0,0,0,0,0,0,0,0,0,0,0,0,0,0,0,0,0
CHEMBL503418_diffdock_8_complex,['hbond'],0,0,0,['hydroph_interaction'],['hydroph_interaction'],"['hydroph_interaction', 'hydroph_interaction']",0,0,"['saltbridge', 'saltbridge']",0,"['hydroph_interaction', 'halogenbond']",0,0,0,['hbond'],['hydroph_interaction'],0,0,0,0,0,0,0,0,0,0,0,0,0,0,0,0,0,0,0,0,0,0,0
CHEMBL3671487_diffdock_2_complex,['hbond'],0,0,['hydroph_interaction'],['hydroph_interaction'],"['hbond', 'hydroph_interaction', 'hydroph_interaction']",['hydroph_interaction'],0,0,0,0,0,0,0,0,0,0,0,0,0,0,['hydroph_interaction'],0,0,0,0,0,0,0,0,0,0,0,0,0,0,0,0,0,0
CHEMBL3623286_diffdock_8_complex,"['hbond', 'hydroph_interaction']",0,['hydroph_interaction'],0,['hydroph_interaction'],0,['hydroph_interaction'],['hydroph_interaction'],0,['saltbridge'],0,0,0,0,0,0,0,0,0,0,0,0,0,0,0,0,0,0,0,0,0,0,0,0,0,0,0,0,0,0
CHEMBL2032376_diffdock_7_complex,"['hbond', 'hbond']",0,0,"['hydroph_interaction', 'hydroph_interaction']",['hydroph_interaction'],"['hydroph_interaction', 'hydroph_interaction', 'hydroph_interaction']",0,0,0,0,['hydroph_interaction'],0,0,0,0,0,0,0,0,0,"['hbond', 'hydroph_interaction']",0,0,0,0,0,0,0,0,0,0,0,0,0,0,0,0,0,0,0
CHEMBL4443188_diffdock_6_complex,['hbond'],0,['hydroph_interaction'],['hydroph_interaction'],"['hydroph_interaction', 'hydroph_interaction']",['hydroph_interaction'],"['hydroph_interaction', 'hydroph_interaction']",['hydroph_interaction'],0,0,0,0,0,0,0,0,['hbond'],0,0,0,0,0,0,0,0,0,0,0,0,0,0,0,0,0,0,0,0,0,0,0
CHEMBL5198812_diffdock_5_complex,"['hbond', 'hydroph_interaction']",0,0,0,0,"['hydroph_interaction', 'hydroph_interaction']",0,0,0,0,0,0,0,0,0,0,0,0,0,0,0,0,0,0,0,0,0,0,0,0,0,0,0,0,0,0,0,0,0,0
CHEMBL3763790_diffdock_9_complex,['hbond'],0,0,0,['hydroph_interaction'],['hydroph_interaction'],0,['hydroph_interaction'],0,0,0,0,0,0,['hydroph_interaction'],0,0,0,0,0,0,['hydroph_interaction'],0,0,0,0,0,0,0,0,0,0,0,0,0,0,0,0,0,0
CHEMBL503418_diffdock_4_complex,['hbond'],0,0,['hydroph_interaction'],"['hydroph_interaction', 'hydroph_interaction']",['hbond'],0,0,0,['saltbridge'],['hydroph_interaction'],['halogenbond'],0,0,0,0,['hydroph_interaction'],0,0,0,0,0,0,0,0,0,0,0,0,0,0,0,0,0,0,0,0,0,0,0
CHEMBL4745521_diffdock_7_complex,['hbond'],0,['hydroph_interaction'],['hydroph_interaction'],"['hydroph_interaction', 'hydroph_interaction']",['hydroph_interaction'],0,['hydroph_interaction'],0,0,0,0,0,0,0,0,0,0,0,0,0,['hydroph_interaction'],0,0,0,0,0,0,0,0,0,0,0,0,0,0,0,0,0,0
CHEMBL69071_diffdock_2_complex,['hbond'],0,['hydroph_interaction'],0,"['hydroph_interaction', 'hydroph_interaction']",['hydroph_interaction'],"['hbond', 'hydroph_interaction']",['hydroph_interaction'],0,0,0,0,0,0,0,0,0,0,0,0,0,0,0,0,0,0,0,0,0,0,0,0,0,0,0,0,0,0,0,0
CHEMBL3759359_diffdock_7_complex,['hbond'],0,"['hydroph_interaction', 'hydroph_interaction']",['hydroph_interaction'],"['hydroph_interaction', 'hydroph_interaction']",0,"['hydroph_interaction', 'hydroph_interaction']",['hydroph_interaction'],0,0,0,0,0,0,['hydroph_interaction'],0,0,0,0,0,0,0,0,0,0,0,0,0,0,0,0,0,0,0,0,0,0,0,0,0
CHEMBL3960853_diffdock_7_complex,['hbond'],0,['hydroph_interaction'],['hydroph_interaction'],['hydroph_interaction'],0,"['hydroph_interaction', 'hydroph_interaction']",0,0,0,['hydroph_interaction'],0,0,0,['hydroph_interaction'],0,0,0,0,0,0,0,0,0,0,0,0,0,0,0,0,0,0,0,0,0,0,0,0,0
CHEMBL5198812_diffdock_1_complex,0,"['hydroph_interaction', 'hydroph_interaction']",0,['hydroph_interaction'],"['hydroph_interaction', 'hydroph_interaction']",0,0,0,0,0,0,0,0,0,0,0,0,0,0,0,0,0,0,0,0,0,0,0,0,0,0,0,0,0,0,0,0,0,0,0
CHEMBL1645466_diffdock_7_complex,['hbond'],0,['hydroph_interaction'],0,"['hydroph_interaction', 'hydroph_interaction']","['hbond', 'hydroph_interaction']",['hydroph_interaction'],['hydroph_interaction'],0,0,0,0,0,0,['hydroph_interaction'],0,0,0,0,0,0,0,0,0,0,0,0,0,0,0,0,0,0,0,0,0,0,0,0,0
CHEMBL4787951_diffdock_10_complex,['hbond'],0,['hydroph_interaction'],0,['hydroph_interaction'],0,['hydroph_interaction'],['hydroph_interaction'],['hbond'],0,0,0,0,0,['hydroph_interaction'],0,0,0,0,0,0,0,0,0,0,0,0,0,0,0,0,0,0,0,0,0,0,0,0,0
CHEMBL4745521_diffdock_5_complex,"['hbond', 'hydroph_interaction']",0,['hydroph_interaction'],['hydroph_interaction'],['hydroph_interaction'],0,['hydroph_interaction'],0,['hbond'],0,0,0,0,0,['hydroph_interaction'],0,0,0,0,0,0,0,0,0,0,0,0,0,0,0,0,0,0,0,0,0,0,0,0,0
CHEMBL4759072_diffdock_3_complex,['hbond'],0,['hydroph_interaction'],0,"['hydroph_interaction', 'hydroph_interaction']",['hydroph_interaction'],0,['hydroph_interaction'],0,['hbond'],0,0,0,0,0,0,0,0,0,0,0,['hydroph_interaction'],0,0,0,0,0,0,0,0,0,0,0,0,0,0,0,0,0,0
CHEMBL5088102_diffdock_4_complex,"['hbond', 'hbond']",0,0,['hydroph_interaction'],"['hydroph_interaction', 'hydroph_interaction']","['hydroph_interaction', 'hydroph_interaction', 'hydroph_interaction']",['hbond'],0,0,0,['hydroph_interaction'],0,0,0,0,0,0,0,0,0,0,0,0,0,0,0,0,0,0,0,0,0,0,0,0,0,0,0,0,0
CHEMBL77452_diffdock_1_complex,['hbond'],0,['hydroph_interaction'],['hydroph_interaction'],"['hydroph_interaction', 'hydroph_interaction']",['hydroph_interaction'],"['hydroph_interaction', 'hydroph_interaction']","['hbond', 'hydroph_interaction']",0,0,['hydroph_interaction'],0,0,0,0,0,0,0,['hbond'],0,0,0,0,0,0,0,0,0,0,0,0,0,0,0,0,0,0,0,0,0
CHEMBL255871_diffdock_4_complex,['hbond'],0,['hydroph_interaction'],['hydroph_interaction'],0,0,['hbond'],0,0,0,0,0,0,['hbond'],0,0,0,0,0,0,0,0,0,0,0,0,0,0,0,0,0,0,0,0,0,0,0,0,0,0
CHEMBL4439338_diffdock_9_complex,['hbond'],0,['hydroph_interaction'],"['hydroph_interaction', 'hydroph_interaction']","['hydroph_interaction', 'hydroph_interaction']",['hydroph_interaction'],"['hbond', 'hydroph_interaction', 'hydroph_interaction']","['hbond', 'hydroph_interaction', 'hydroph_interaction']",0,['saltbridge'],0,['hydroph_interaction'],0,0,0,0,['hbond'],0,0,0,0,['hydroph_interaction'],['hydroph_interaction'],0,0,0,0,0,0,0,0,0,0,0,0,0,0,0,0,0
CHEMBL5082074_diffdock_3_complex,"['hbond', 'hbond']",0,['hydroph_interaction'],['hydroph_interaction'],"['hydroph_interaction', 'hydroph_interaction']",0,0,0,0,0,['hydroph_interaction'],0,0,0,0,0,0,0,0,0,0,0,0,0,0,0,0,0,0,0,0,0,0,0,0,0,0,0,0,0
CHEMBL3671487_diffdock_4_complex,"['hbond', 'hydroph_interaction']",0,"['hydroph_interaction', 'hydroph_interaction']",0,"['hydroph_interaction', 'hydroph_interaction']",0,['hydroph_interaction'],['hydroph_interaction'],0,0,0,0,0,0,0,0,0,0,0,0,0,0,0,0,0,0,0,0,0,0,0,0,0,0,0,0,0,0,0,0
CHEMBL4070053_diffdock_3_complex,['hbond'],0,['hydroph_interaction'],['hydroph_interaction'],"['hydroph_interaction', 'hydroph_interaction']",['hydroph_interaction'],['hydroph_interaction'],['hydroph_interaction'],['hbond'],['saltbridge'],0,0,0,0,0,0,0,0,0,0,0,['hydroph_interaction'],0,['hydroph_interaction'],0,0,0,0,0,0,0,0,0,0,0,0,0,0,0,0
CHEMBL3759359_diffdock_1_complex,['hbond'],0,"['hydroph_interaction', 'hydroph_interaction']","['hydroph_interaction', 'hydroph_interaction']",0,0,"['hydroph_interaction', 'hydroph_interaction']",0,0,0,['hydroph_interaction'],0,0,0,['hydroph_interaction'],0,0,0,0,0,0,0,0,0,0,0,0,0,0,0,0,0,0,0,0,0,0,0,0,0
CHEMBL166093_diffdock_8_complex,['hbond'],0,"['hydroph_interaction', 'hydroph_interaction']",['hydroph_interaction'],"['hydroph_interaction', 'hydroph_interaction']",['hbond'],['hydroph_interaction'],['hydroph_interaction'],0,0,0,0,0,0,0,0,0,0,0,['hbond'],0,0,0,0,0,0,0,0,0,0,0,0,0,0,0,0,0,0,0,0
CHEMBL3671487_diffdock_3_complex,['hbond'],0,['hydroph_interaction'],['hydroph_interaction'],['hydroph_interaction'],['hydroph_interaction'],['hydroph_interaction'],['hydroph_interaction'],0,0,0,0,['hbond'],0,0,0,0,0,0,0,0,0,0,0,0,0,0,0,0,0,0,0,0,0,0,0,0,0,0,0
CHEMBL3967836_diffdock_2_complex,"['hbond', 'hbond']",0,['hydroph_interaction'],['hydroph_interaction'],['hydroph_interaction'],"['hbond', 'hydroph_interaction']",0,['halogenbond'],0,0,['hydroph_interaction'],0,0,0,0,['hbond'],0,0,['hydroph_interaction'],0,['hbond'],0,0,0,0,0,0,0,0,0,0,0,0,0,0,0,0,0,0,0
CHEMBL51854_diffdock_1_complex,['hbond'],0,['hydroph_interaction'],0,0,['hydroph_interaction'],0,0,0,0,0,0,0,0,0,0,0,0,0,0,0,0,0,0,0,0,0,0,0,0,0,0,0,0,0,0,0,0,0,0
CHEMBL5088102_diffdock_3_complex,"['hbond', 'hbond']",['hydroph_interaction'],0,['hydroph_interaction'],"['hydroph_interaction', 'hydroph_interaction']",['hydroph_interaction'],0,0,0,0,['hydroph_interaction'],0,0,0,0,0,0,0,0,0,0,0,0,0,0,0,0,0,0,0,0,0,0,0,0,0,0,0,0,0
CHEMBL3741026_diffdock_8_complex,['hbond'],0,['hydroph_interaction'],['hydroph_interaction'],"['hydroph_interaction', 'hydroph_interaction']",0,"['hydroph_interaction', 'hydroph_interaction']",0,['hbond'],0,0,0,"['hydroph_interaction', 'hydroph_interaction']",0,0,0,0,0,0,0,0,0,0,0,['hydroph_interaction'],0,0,0,0,0,0,0,0,0,0,0,0,0,0,0
CHEMBL4787951_diffdock_1_complex,['hbond'],0,['hydroph_interaction'],"['hydroph_interaction', 'hydroph_interaction']",0,0,"['pication', 'hydroph_interaction']",0,0,0,['hydroph_interaction'],0,0,0,['hydroph_interaction'],0,0,0,0,0,0,0,0,0,0,0,0,0,0,0,0,0,0,0,0,0,0,0,0,0
CHEMBL69071_diffdock_5_complex,['hbond'],['hydroph_interaction'],['hydroph_interaction'],['hydroph_interaction'],['pistack'],0,['hydroph_interaction'],0,0,0,0,0,0,0,0,['hbond'],0,0,0,0,0,0,0,0,0,0,0,0,0,0,0,0,0,0,0,0,0,0,0,0
CHEMBL4794670_diffdock_7_complex,['hbond'],0,['hydroph_interaction'],0,"['hydroph_interaction', 'hydroph_interaction']",['hydroph_interaction'],['hydroph_interaction'],['hydroph_interaction'],0,0,0,0,0,0,0,0,['hydroph_interaction'],0,0,0,0,0,0,0,0,0,0,0,0,0,0,0,0,0,0,0,0,0,0,0
CHEMBL5082074_diffdock_5_complex,['hbond'],"['hydroph_interaction', 'hydroph_interaction', 'hydroph_interaction']",0,0,"['hbond', 'hydroph_interaction', 'hydroph_interaction', 'hydroph_interaction', 'hydroph_interaction']",['hydroph_interaction'],['hydroph_interaction'],['hydroph_interaction'],0,0,0,['hydroph_interaction'],0,0,0,0,0,0,0,0,0,['hydroph_interaction'],0,0,0,['hydroph_interaction'],0,0,0,0,0,0,0,0,0,0,0,0,0,0
CHEMBL3763627_diffdock_8_complex,['hbond'],0,0,['hydroph_interaction'],"['hydroph_interaction', 'hydroph_interaction']",['hydroph_interaction'],"['hydroph_interaction', 'hydroph_interaction', 'hydroph_interaction']",['hydroph_interaction'],0,0,0,['hydroph_interaction'],0,0,0,0,['hbond'],0,0,0,0,0,0,0,0,0,0,0,0,0,0,0,0,0,0,0,0,0,0,0
CHEMBL4080720_diffdock_6_complex,['hbond'],0,['hydroph_interaction'],0,"['hydroph_interaction', 'hydroph_interaction']",['hydroph_interaction'],['hydroph_interaction'],['hydroph_interaction'],0,['saltbridge'],0,['halogenbond'],0,0,0,0,0,0,0,['hbond'],['hydroph_interaction'],['hydroph_interaction'],0,0,0,0,0,0,0,0,0,0,0,0,0,0,0,0,0,0
CHEMBL3699603_diffdock_10_complex,"['hbond', 'hbond']",0,['hydroph_interaction'],0,"['hydroph_interaction', 'hydroph_interaction']","['hydroph_interaction', 'hydroph_interaction']",0,0,0,0,0,0,0,0,0,['hbond'],0,0,0,0,0,0,0,0,0,0,0,0,0,0,0,0,0,0,0,0,0,0,0,0
CHEMBL69071_diffdock_9_complex,['hbond'],0,['hydroph_interaction'],['hydroph_interaction'],"['hydroph_interaction', 'hydroph_interaction']",['hydroph_interaction'],['hydroph_interaction'],0,0,0,0,0,0,0,0,0,0,0,0,0,0,0,0,0,0,0,0,0,0,0,0,0,0,0,0,0,0,0,0,0
CHEMBL31815_diffdock_3_complex,['hbond'],0,0,['hydroph_interaction'],"['hydroph_interaction', 'hydroph_interaction']","['hbond', 'hydroph_interaction', 'hydroph_interaction']",['hydroph_interaction'],0,0,0,0,0,0,0,0,0,0,0,0,0,0,0,0,0,0,0,0,0,0,0,0,0,0,0,0,0,0,0,0,0
CHEMBL4080720_diffdock_2_complex,['hbond'],0,['hydroph_interaction'],['hydroph_interaction'],['hydroph_interaction'],['hydroph_interaction'],['hydroph_interaction'],['hydroph_interaction'],0,['saltbridge'],0,['halogenbond'],0,0,0,0,0,0,0,0,['hbond'],0,0,0,0,0,0,0,0,0,0,0,0,0,0,0,0,0,0,0
CHEMBL1090364_diffdock_6_complex,"['hbond', 'hbond']",0,['hydroph_interaction'],0,['hydroph_interaction'],"['hbond', 'hydroph_interaction', 'hydroph_interaction']","['hbond', 'pication', 'hydroph_interaction']",['hydroph_interaction'],0,0,['hydroph_interaction'],['hydroph_interaction'],0,0,0,0,['hbond'],0,0,0,0,0,0,0,0,['hydroph_interaction'],0,0,0,0,0,0,0,0,0,0,0,0,0,0
CHEMBL3903641_diffdock_9_complex,"['hbond', 'hbond']",0,"['hydroph_interaction', 'hydroph_interaction']",0,['hydroph_interaction'],0,0,['halogenbond'],0,0,0,0,0,0,0,['hbond'],0,0,0,0,0,0,0,0,0,0,0,0,0,0,0,0,0,0,0,0,0,0,0,0
CHEMBL5198812_diffdock_9_complex,0,0,['hydroph_interaction'],['hydroph_interaction'],['hydroph_interaction'],"['hydroph_interaction', 'hydroph_interaction']",0,['hydroph_interaction'],0,0,['hydroph_interaction'],0,0,0,['hydroph_interaction'],0,0,0,0,0,0,0,0,0,0,0,0,0,0,0,0,0,0,0,0,0,0,0,0,0
CHEMBL4070053_diffdock_4_complex,['hbond'],0,0,['hydroph_interaction'],"['hydroph_interaction', 'hydroph_interaction']",['hydroph_interaction'],['hydroph_interaction'],['hydroph_interaction'],['hbond'],0,0,0,0,0,0,0,0,0,0,0,0,['hydroph_interaction'],0,0,0,0,0,0,0,0,0,0,0,0,0,0,0,0,0,0
CHEMBL503418_diffdock_6_complex,"['hbond', 'hbond']",0,0,0,['hydroph_interaction'],0,"['hydroph_interaction', 'hydroph_interaction']",['hydroph_interaction'],0,"['saltbridge', 'saltbridge']",0,"['hydroph_interaction', 'halogenbond']",0,0,0,0,"['hbond', 'hydroph_interaction']",0,0,0,0,0,0,0,0,0,0,0,0,0,0,0,0,0,0,0,0,0,0,0
CHEMBL461967_diffdock_4_complex,['hbond'],0,['hydroph_interaction'],['hydroph_interaction'],"['hydroph_interaction', 'hydroph_interaction']","['hydroph_interaction', 'hydroph_interaction']",['hydroph_interaction'],['hydroph_interaction'],0,0,0,0,0,0,0,0,0,0,0,0,0,0,0,0,0,0,0,0,0,0,0,0,0,0,0,0,0,0,0,0
CHEMBL5088102_diffdock_9_complex,"['hbond', 'hbond']",['hydroph_interaction'],['hydroph_interaction'],['hydroph_interaction'],"['hydroph_interaction', 'hydroph_interaction', 'hydroph_interaction']","['hydroph_interaction', 'hydroph_interaction']",['hbond'],0,0,0,['hydroph_interaction'],0,0,0,0,0,0,0,0,0,0,0,0,0,0,0,0,0,0,0,0,0,0,0,0,0,0,0,0,0
CHEMBL5077776_diffdock_10_complex,0,0,0,0,0,0,0,0,0,0,0,0,0,0,0,0,0,0,0,0,0,0,0,0,0,0,0,0,0,0,0,0,0,0,0,0,0,0,0,0
CHEMBL51854_diffdock_10_complex,0,0,0,0,0,0,0,0,0,0,0,0,0,0,0,0,0,0,0,0,0,0,0,0,0,0,0,0,0,0,0,0,0,0,0,0,0,0,0,0
CHEMBL2031296_diffdock_6_complex,['hbond'],0,['hydroph_interaction'],['hydroph_interaction'],['hydroph_interaction'],['hydroph_interaction'],"['hydroph_interaction', 'hydroph_interaction']",0,0,0,0,0,0,0,['hydroph_interaction'],0,0,0,0,0,0,0,0,0,0,0,0,0,0,0,0,0,0,0,0,0,0,0,0,0
CHEMBL3741026_diffdock_4_complex,['hbond'],0,['hydroph_interaction'],"['hydroph_interaction', 'hydroph_interaction']",['hydroph_interaction'],0,"['hydroph_interaction', 'hydroph_interaction']",0,['hbond'],0,0,0,['hydroph_interaction'],0,0,0,['hydroph_interaction'],0,0,0,0,0,0,0,0,0,0,0,0,0,0,0,0,0,0,0,0,0,0,0
CHEMBL4776056_diffdock_1_complex,['hbond'],0,['hydroph_interaction'],['hydroph_interaction'],['hydroph_interaction'],0,"['hydroph_interaction', 'hydroph_interaction']",['hydroph_interaction'],0,0,['hydroph_interaction'],0,0,0,['hydroph_interaction'],0,0,0,0,0,0,0,0,0,0,0,0,0,0,0,0,0,0,0,0,0,0,0,0,0
CHEMBL3676384_diffdock_4_complex,['hbond'],0,['hydroph_interaction'],['hydroph_interaction'],"['hydroph_interaction', 'hydroph_interaction']","['hbond', 'hydroph_interaction']",['hydroph_interaction'],['hydroph_interaction'],0,0,0,['halogenbond'],['hbond'],0,0,0,0,0,0,0,0,0,0,0,0,0,0,0,0,0,0,0,0,0,0,0,0,0,0,0
CHEMBL460721_diffdock_3_complex,['hbond'],0,['hydroph_interaction'],['hydroph_interaction'],['hydroph_interaction'],['hydroph_interaction'],['hydroph_interaction'],0,['hbond'],0,0,0,0,0,0,['hbond'],0,0,0,0,"['hydroph_interaction', 'hydroph_interaction']",0,0,0,0,0,0,0,0,0,0,0,0,0,0,0,0,0,0,0
CHEMBL3960853_diffdock_8_complex,['hbond'],0,['hydroph_interaction'],['hydroph_interaction'],"['hydroph_interaction', 'hydroph_interaction']",0,"['hydroph_interaction', 'hydroph_interaction']",['hydroph_interaction'],0,0,0,0,0,0,['hydroph_interaction'],0,0,0,['saltbridge'],0,0,0,0,0,0,0,0,0,0,0,0,0,0,0,0,0,0,0,0,0
CHEMBL4787951_diffdock_8_complex,['hbond'],0,['hydroph_interaction'],0,0,0,['pication'],['hydroph_interaction'],0,0,0,0,0,0,['hydroph_interaction'],['hbond'],0,0,['saltbridge'],0,0,0,0,0,0,0,0,0,0,0,0,0,0,0,0,0,0,0,0,0
CHEMBL5198812_diffdock_10_complex,0,['hydroph_interaction'],"['hydroph_interaction', 'hydroph_interaction']",['hydroph_interaction'],['hydroph_interaction'],"['hydroph_interaction', 'hydroph_interaction', 'hydroph_interaction']",['hydroph_interaction'],['hydroph_interaction'],0,0,0,0,0,0,0,0,0,0,0,0,0,0,0,0,0,0,0,0,0,0,0,0,0,0,0,0,0,0,0,0
CHEMBL4080720_diffdock_7_complex,['hbond'],0,['hydroph_interaction'],"['hydroph_interaction', 'hydroph_interaction']",['hydroph_interaction'],['hydroph_interaction'],['hydroph_interaction'],0,['hbond'],"['saltbridge', 'hbond']",0,['halogenbond'],0,0,0,0,0,0,0,0,0,0,0,0,0,0,0,0,0,0,0,0,0,0,0,0,0,0,0,0
CHEMBL80540_diffdock_5_complex,"['hbond', 'hydroph_interaction']",0,['hydroph_interaction'],['hydroph_interaction'],"['hydroph_interaction', 'hydroph_interaction']",['hydroph_interaction'],"['pication', 'hydroph_interaction', 'hydroph_interaction']",['hydroph_interaction'],0,0,['hydroph_interaction'],0,0,0,0,0,['hbond'],0,['saltbridge'],0,0,['hydroph_interaction'],0,0,0,0,0,0,0,0,0,0,0,0,0,0,0,0,0,0
CHEMBL4759072_diffdock_1_complex,['hbond'],0,['hydroph_interaction'],['hydroph_interaction'],"['hydroph_interaction', 'hydroph_interaction']",['hydroph_interaction'],0,['hydroph_interaction'],0,0,0,0,0,0,['hydroph_interaction'],0,0,0,0,0,0,0,0,0,0,0,0,0,0,0,0,0,0,0,0,0,0,0,0,0
CHEMBL3903641_diffdock_3_complex,"['hbond', 'hbond']",0,['hydroph_interaction'],0,['hydroph_interaction'],0,0,0,0,0,0,0,0,0,0,0,0,0,0,0,['hydroph_interaction'],0,0,0,0,0,0,0,0,0,0,0,0,0,0,0,0,0,0,0
CHEMBL4745521_diffdock_8_complex,"['hbond', 'hydroph_interaction']",0,['hydroph_interaction'],0,['hydroph_interaction'],0,['hydroph_interaction'],['hydroph_interaction'],0,0,0,0,0,0,0,0,0,0,0,0,0,0,0,0,0,0,0,0,0,0,0,0,0,0,0,0,0,0,0,0
CHEMBL4228672_diffdock_1_complex,['hbond'],0,0,"['hydroph_interaction', 'hydroph_interaction']",['hydroph_interaction'],0,0,0,['hbond'],['saltbridge'],0,0,0,0,0,['hbond'],0,0,0,0,0,0,0,0,0,0,0,0,0,0,0,0,0,0,0,0,0,0,0,0
CHEMBL3671487_diffdock_1_complex,['hbond'],0,['hydroph_interaction'],['hydroph_interaction'],['hydroph_interaction'],"['hbond', 'hydroph_interaction']",['hydroph_interaction'],0,0,0,0,0,['hbond'],0,0,0,0,0,0,0,0,0,0,0,0,0,['hbond'],0,0,0,0,0,0,0,0,0,0,0,0,0
CHEMBL503418_diffdock_7_complex,"['hbond', 'hbond']",0,0,0,"['hydroph_interaction', 'hydroph_interaction']",['hydroph_interaction'],0,0,0,0,0,['halogenbond'],0,0,0,0,['hydroph_interaction'],0,0,0,0,0,0,0,0,0,0,['halogenbond'],0,0,0,0,0,0,0,0,0,0,0,0
CHEMBL51854_diffdock_8_complex,['hbond'],0,0,['hydroph_interaction'],"['hydroph_interaction', 'hydroph_interaction']",0,['hydroph_interaction'],['hydroph_interaction'],0,0,0,0,0,0,0,0,0,0,0,0,0,0,0,0,0,0,0,0,0,0,0,0,0,0,0,0,0,0,0,0
CHEMBL29197_diffdock_2_complex,['hbond'],0,['hydroph_interaction'],0,"['hydroph_interaction', 'hydroph_interaction']",['hydroph_interaction'],['hydroph_interaction'],['hydroph_interaction'],0,0,0,0,0,0,0,0,0,0,0,0,0,0,0,0,0,0,0,0,0,0,0,0,0,0,0,0,0,0,0,0
CHEMBL4787951_diffdock_7_complex,['hbond'],0,['hydroph_interaction'],['hydroph_interaction'],0,0,"['pication', 'hydroph_interaction', 'hydroph_interaction']",['hbond'],0,0,0,0,0,0,['hydroph_interaction'],0,0,0,0,0,0,0,0,0,0,0,0,0,0,0,0,0,0,0,0,0,0,0,0,0
CHEMBL3663925_diffdock_2_complex,"['hbond', 'hbond']",0,['hydroph_interaction'],['hydroph_interaction'],['hydroph_interaction'],0,0,['hydroph_interaction'],0,0,0,0,0,['hbond'],0,0,0,0,0,0,0,0,0,0,0,0,0,0,0,0,0,0,0,0,0,0,0,0,0,0
CHEMBL2425736_diffdock_4_complex,['hbond'],0,['hydroph_interaction'],['hydroph_interaction'],"['hydroph_interaction', 'hydroph_interaction']","['hbond', 'hydroph_interaction']",['hydroph_interaction'],['hydroph_interaction'],0,0,0,0,0,0,0,0,0,0,0,0,0,0,0,0,0,0,0,0,0,0,0,0,0,0,0,0,0,0,0,0
CHEMBL3663925_diffdock_9_complex,"['hbond', 'hbond']",0,0,['hydroph_interaction'],"['hydroph_interaction', 'hydroph_interaction']","['hydroph_interaction', 'hydroph_interaction', 'hydroph_interaction']",['hydroph_interaction'],0,0,0,0,0,0,['hbond'],0,0,0,0,0,0,0,0,0,0,0,0,0,0,0,0,0,0,0,0,0,0,0,0,0,0
CHEMBL205149_diffdock_4_complex,['hbond'],0,['hydroph_interaction'],['hydroph_interaction'],['hydroph_interaction'],"['hydroph_interaction', 'hydroph_interaction']",['hydroph_interaction'],['hydroph_interaction'],0,0,0,['halogenbond'],0,0,0,0,0,0,0,0,0,['hydroph_interaction'],0,0,0,0,0,0,0,0,0,0,0,0,0,0,0,0,0,0
CHEMBL255871_diffdock_2_complex,['hbond'],0,['hydroph_interaction'],['hydroph_interaction'],0,0,['hbond'],0,['hydroph_interaction'],['hbond'],['hydroph_interaction'],0,0,['hbond'],0,0,0,0,0,0,['hydroph_interaction'],0,0,0,0,0,0,0,0,0,0,0,0,0,0,0,0,0,0,0
CHEMBL2425736_diffdock_9_complex,['hbond'],0,0,"['hydroph_interaction', 'hydroph_interaction']",['hydroph_interaction'],"['hydroph_interaction', 'hydroph_interaction']",['hydroph_interaction'],0,0,['saltbridge'],0,0,0,0,0,0,0,0,0,0,0,['hydroph_interaction'],0,0,0,0,0,0,0,0,0,0,0,0,0,0,0,0,0,0
CHEMBL1204261_diffdock_7_complex,['hbond'],0,0,"['hydroph_interaction', 'hydroph_interaction']","['hydroph_interaction', 'hydroph_interaction']","['hydroph_interaction', 'hydroph_interaction', 'hydroph_interaction']",['hydroph_interaction'],['hydroph_interaction'],0,0,0,0,0,0,0,0,0,0,0,0,0,0,0,0,0,0,0,0,0,0,0,0,0,0,0,0,0,0,0,0
CHEMBL69071_diffdock_8_complex,['hbond'],['hydroph_interaction'],['hydroph_interaction'],"['hydroph_interaction', 'hydroph_interaction']","['hydroph_interaction', 'hydroph_interaction', 'hydroph_interaction']","['hydroph_interaction', 'hydroph_interaction']",0,['hydroph_interaction'],0,0,0,0,0,0,0,0,0,0,0,0,0,0,0,0,0,0,0,0,0,0,0,0,0,0,0,0,0,0,0,0
CHEMBL29197_diffdock_10_complex,0,0,0,0,0,0,0,0,0,0,0,0,0,0,0,0,0,0,0,0,0,0,0,0,0,0,0,0,0,0,0,0,0,0,0,0,0,0,0,0
CHEMBL4443188_diffdock_10_complex,['hbond'],0,0,['hydroph_interaction'],['hydroph_interaction'],0,['hydroph_interaction'],0,0,0,0,0,0,0,0,0,0,0,0,0,0,0,0,0,0,0,0,0,0,0,0,0,0,0,0,0,0,0,0,0
CHEMBL3967836_diffdock_5_complex,"['hbond', 'hbond']",['hydroph_interaction'],"['hydroph_interaction', 'hydroph_interaction']",['hydroph_interaction'],['pistack'],0,0,['halogenbond'],['hydroph_interaction'],['hydroph_interaction'],0,0,0,0,0,['hbond'],0,0,0,0,0,0,0,['hydroph_interaction'],0,0,0,0,['hbond'],0,0,0,0,0,0,0,0,0,0,0
CHEMBL255871_diffdock_3_complex,['hbond'],0,['hydroph_interaction'],0,0,0,['hbond'],0,0,0,0,0,0,['hbond'],0,0,0,0,0,0,0,0,0,0,0,0,0,0,0,0,0,0,0,0,0,0,0,0,0,0
CHEMBL3699603_diffdock_8_complex,"['hbond', 'hbond']",0,['hydroph_interaction'],0,['hydroph_interaction'],0,0,0,0,0,0,0,0,0,0,['hbond'],0,0,0,0,['hydroph_interaction'],0,0,0,0,0,0,0,0,0,0,0,0,0,0,0,0,0,0,0
CHEMBL3699603_diffdock_1_complex,"['hbond', 'hbond']",0,['hydroph_interaction'],0,['hydroph_interaction'],"['hydroph_interaction', 'hydroph_interaction']",0,0,0,['hbond'],['hydroph_interaction'],0,0,0,0,0,0,0,0,['hbond'],0,0,0,0,0,0,0,0,0,0,0,0,0,0,0,0,0,0,0,0
CHEMBL2031296_diffdock_8_complex,['hbond'],0,['hydroph_interaction'],['hydroph_interaction'],['hydroph_interaction'],0,['hydroph_interaction'],0,0,0,0,0,0,0,0,0,0,0,0,0,0,0,0,0,0,0,0,0,0,0,0,0,0,0,0,0,0,0,0,0
CHEMBL4443188_diffdock_8_complex,['hbond'],0,['hydroph_interaction'],"['hydroph_interaction', 'hydroph_interaction']","['hydroph_interaction', 'hydroph_interaction']",['hydroph_interaction'],"['hydroph_interaction', 'hydroph_interaction']","['hydroph_interaction', 'hydroph_interaction']",0,0,0,0,0,0,0,0,['hbond'],0,0,0,0,0,0,0,0,0,0,0,0,0,0,0,0,0,0,0,0,0,0,0
CHEMBL5077776_diffdock_4_complex,"['hbond', 'hbond']",['hydroph_interaction'],['hydroph_interaction'],['hydroph_interaction'],"['hydroph_interaction', 'hydroph_interaction']","['hydroph_interaction', 'hydroph_interaction']",['hbond'],0,0,0,0,0,0,0,0,0,0,0,0,0,0,0,0,0,0,0,0,0,0,0,0,0,0,0,0,0,0,0,0,0
CHEMBL4228672_diffdock_3_complex,['hbond'],['hydroph_interaction'],0,['hydroph_interaction'],['hydroph_interaction'],['hydroph_interaction'],0,0,0,0,0,0,0,0,0,0,0,0,0,0,0,0,0,0,0,0,0,0,0,0,0,0,0,0,0,0,0,0,0,0
CHEMBL31815_diffdock_6_complex,['hbond'],0,['hydroph_interaction'],['hydroph_interaction'],"['hydroph_interaction', 'hydroph_interaction']","['hbond', 'hydroph_interaction']",['hydroph_interaction'],0,0,0,0,0,0,0,0,0,0,0,0,0,0,0,0,0,0,0,0,0,0,0,0,0,0,0,0,0,0,0,0,0
CHEMBL419137_diffdock_9_complex,['hbond'],0,0,"['hydroph_interaction', 'hydroph_interaction']",['hydroph_interaction'],0,['hydroph_interaction'],0,0,0,0,0,0,0,['hydroph_interaction'],0,0,0,0,0,0,0,0,0,0,0,0,0,0,0,0,0,0,0,0,0,0,0,0,0
CHEMBL1645466_diffdock_5_complex,['hbond'],0,['hydroph_interaction'],['hydroph_interaction'],['hydroph_interaction'],0,['hydroph_interaction'],['hydroph_interaction'],0,['hbond'],0,0,0,0,['hydroph_interaction'],0,0,0,0,0,0,0,0,0,0,0,0,0,0,0,0,0,0,0,0,0,0,0,0,0
CHEMBL5077776_diffdock_2_complex,"['hbond', 'hbond']",['hydroph_interaction'],['hydroph_interaction'],['hydroph_interaction'],"['hydroph_interaction', 'hydroph_interaction']","['hydroph_interaction', 'hydroph_interaction']",['hbond'],0,['hydroph_interaction'],0,['hydroph_interaction'],0,0,0,0,0,0,0,0,0,0,0,0,0,0,0,0,0,0,0,0,0,0,0,0,0,0,0,0,0
CHEMBL3759359_diffdock_6_complex,['hbond'],0,['hydroph_interaction'],0,['hydroph_interaction'],['hydroph_interaction'],"['hydroph_interaction', 'hydroph_interaction']",['hydroph_interaction'],0,0,0,0,0,0,['hydroph_interaction'],0,0,0,0,0,0,0,0,0,0,0,0,0,0,0,0,0,0,0,0,0,0,0,0,0
CHEMBL166093_diffdock_10_complex,0,0,0,0,0,0,0,0,0,0,0,0,0,0,0,0,0,0,0,0,0,0,0,0,0,0,0,0,0,0,0,0,0,0,0,0,0,0,0,0
CHEMBL3763627_diffdock_1_complex,['hbond'],0,['hydroph_interaction'],0,"['hydroph_interaction', 'hydroph_interaction']",['hydroph_interaction'],"['hbond', 'hydroph_interaction']",['hydroph_interaction'],0,['saltbridge'],0,['hydroph_interaction'],0,0,0,0,"['hbond', 'hydroph_interaction']",0,0,0,0,['hydroph_interaction'],0,0,0,0,0,0,0,0,0,0,0,0,0,0,0,0,0,0
CHEMBL3623286_diffdock_3_complex,['hbond'],0,['hydroph_interaction'],0,"['hydroph_interaction', 'hydroph_interaction']",['hydroph_interaction'],['hydroph_interaction'],['hydroph_interaction'],0,['saltbridge'],0,0,0,0,0,0,0,0,0,0,0,0,0,0,0,0,0,0,0,0,0,0,0,0,0,0,0,0,0,0
CHEMBL2032376_diffdock_1_complex,"['hbond', 'hbond']",0,"['hydroph_interaction', 'hydroph_interaction']",['hydroph_interaction'],0,"['hydroph_interaction', 'hydroph_interaction']",0,0,0,['saltbridge'],['hydroph_interaction'],0,0,0,0,0,0,0,0,0,"['hbond', 'hydroph_interaction']",0,0,0,0,0,0,0,0,0,0,0,0,0,0,0,0,0,0,0
CHEMBL3759359_diffdock_4_complex,['hbond'],0,['hydroph_interaction'],"['hydroph_interaction', 'hydroph_interaction', 'hydroph_interaction']",['hydroph_interaction'],['hydroph_interaction'],"['hydroph_interaction', 'hydroph_interaction']",0,0,0,['hydroph_interaction'],0,0,0,['hydroph_interaction'],0,0,0,0,0,0,0,0,0,0,0,0,0,0,0,0,0,0,0,0,0,0,0,0,0
CHEMBL341522_diffdock_6_complex,['hbond'],0,['hydroph_interaction'],['hydroph_interaction'],['hydroph_interaction'],['hydroph_interaction'],['hydroph_interaction'],0,0,0,0,0,0,0,0,0,0,0,0,0,0,['hydroph_interaction'],0,0,0,0,0,0,0,0,0,0,0,0,0,0,0,0,0,0
CHEMBL3699603_diffdock_7_complex,"['hbond', 'hbond']",0,"['hydroph_interaction', 'hydroph_interaction']",0,['hydroph_interaction'],['hbond'],0,0,0,0,['hydroph_interaction'],0,0,0,0,0,0,0,0,0,0,0,0,0,0,0,0,0,0,0,0,0,0,0,0,0,0,0,0,0
CHEMBL80540_diffdock_10_complex,['hbond'],"['hydroph_interaction', 'hydroph_interaction']",0,"['hydroph_interaction', 'hydroph_interaction']","['pistack', 'hydroph_interaction', 'hydroph_interaction']",['hydroph_interaction'],"['hydroph_interaction', 'hydroph_interaction']",0,0,0,['hydroph_interaction'],0,0,0,0,0,0,0,0,0,0,0,0,0,0,0,0,0,0,0,0,0,0,0,0,0,0,0,0,0
CHEMBL4776056_diffdock_4_complex,['hbond'],['pistack'],['hydroph_interaction'],['hydroph_interaction'],"['hydroph_interaction', 'hydroph_interaction']","['hydroph_interaction', 'hydroph_interaction']",['hydroph_interaction'],0,0,0,0,0,0,0,0,0,0,0,0,0,0,0,0,0,0,0,0,0,0,0,0,0,0,0,0,0,0,0,0,0
CHEMBL341522_diffdock_3_complex,"['hbond', 'hbond']",0,['hydroph_interaction'],['hydroph_interaction'],"['hydroph_interaction', 'hydroph_interaction', 'hydroph_interaction']",['hydroph_interaction'],['hydroph_interaction'],0,0,0,0,0,0,0,0,0,0,0,0,0,0,['hydroph_interaction'],0,0,0,0,0,0,0,0,0,0,0,0,0,0,0,0,0,0
CHEMBL2437460_diffdock_7_complex,['hbond'],0,['hydroph_interaction'],['hydroph_interaction'],0,"['hydroph_interaction', 'hydroph_interaction', 'hydroph_interaction']",0,0,0,0,0,0,0,0,0,0,0,0,0,['hbond'],0,0,0,0,0,0,0,0,['hbond'],0,0,0,0,0,0,0,0,0,0,0
CHEMBL3671487_diffdock_6_complex,['hbond'],0,0,['hydroph_interaction'],['hydroph_interaction'],"['hbond', 'hydroph_interaction']",['hydroph_interaction'],['hydroph_interaction'],0,0,0,0,0,0,0,0,0,0,0,0,0,['hydroph_interaction'],0,0,0,0,0,0,0,0,0,0,0,0,0,0,0,0,0,0
CHEMBL4070053_diffdock_1_complex,['hbond'],['hydroph_interaction'],"['hydroph_interaction', 'hydroph_interaction']",0,0,['hydroph_interaction'],0,0,0,0,0,0,0,0,0,0,0,0,0,0,0,0,0,0,0,0,0,0,0,0,0,0,0,0,0,0,0,0,0,0
CHEMBL4776056_diffdock_10_complex,['hbond'],0,['hydroph_interaction'],0,"['hydroph_interaction', 'hydroph_interaction']",['hydroph_interaction'],0,['hydroph_interaction'],0,0,0,0,0,0,0,['hbond'],0,0,0,0,0,0,0,0,0,0,0,0,0,0,0,0,0,0,0,0,0,0,0,0
CHEMBL3814211_diffdock_4_complex,['hbond'],0,0,['hydroph_interaction'],['hydroph_interaction'],['hydroph_interaction'],"['hydroph_interaction', 'hydroph_interaction']",0,0,0,0,['halogenbond'],0,0,0,0,0,0,0,0,0,0,0,0,0,0,0,0,0,0,0,0,0,0,0,0,0,0,0,0
CHEMBL4068047_diffdock_4_complex,"['hbond', 'hbond']",0,['hydroph_interaction'],"['hydroph_interaction', 'hydroph_interaction']","['hydroph_interaction', 'hydroph_interaction']",['hydroph_interaction'],0,0,0,0,['hydroph_interaction'],0,0,0,['hydroph_interaction'],0,0,0,0,0,0,0,0,0,0,0,0,0,['hbond'],0,0,0,0,0,0,0,0,0,0,0
CHEMBL5198812_diffdock_2_complex,0,['hydroph_interaction'],['hydroph_interaction'],['hydroph_interaction'],"['hydroph_interaction', 'hydroph_interaction']",['hydroph_interaction'],['pication'],0,0,0,0,0,0,0,0,0,0,0,0,0,0,0,0,0,0,0,0,0,0,0,0,0,0,0,0,0,0,0,0,0
CHEMBL3699603_diffdock_4_complex,"['hbond', 'hbond']",0,['hydroph_interaction'],0,['hydroph_interaction'],0,0,['halogenbond'],0,0,['hydroph_interaction'],0,0,0,0,0,0,0,0,0,0,0,0,0,0,0,0,0,0,0,0,0,0,0,0,0,0,0,0,0
CHEMBL5082074_diffdock_2_complex,"['hbond', 'hbond']",0,['hydroph_interaction'],['hydroph_interaction'],['hydroph_interaction'],['hbond'],['hydroph_interaction'],0,['hbond'],0,['hydroph_interaction'],0,0,0,['hydroph_interaction'],['hbond'],0,0,0,0,0,0,0,0,0,0,0,0,0,0,0,0,0,0,0,0,0,0,0,0
CHEMBL4787951_diffdock_4_complex,['hbond'],0,['hydroph_interaction'],"['hydroph_interaction', 'hydroph_interaction']",['hydroph_interaction'],"['hydroph_interaction', 'hydroph_interaction']","['pication', 'hydroph_interaction']",['hydroph_interaction'],0,['saltbridge'],0,0,0,0,0,['hbond'],0,0,0,0,0,0,0,0,0,0,0,0,0,0,0,0,0,0,0,0,0,0,0,0
CHEMBL4759072_diffdock_8_complex,['hbond'],0,['hydroph_interaction'],"['hydroph_interaction', 'hydroph_interaction']",['hydroph_interaction'],"['hbond', 'hydroph_interaction']","['hydroph_interaction', 'hydroph_interaction']",0,0,0,0,0,0,0,0,0,['halogenbond'],0,0,0,0,0,0,0,0,0,0,0,0,0,0,0,0,0,0,0,0,0,0,0
CHEMBL2437460_diffdock_3_complex,['hbond'],0,0,"['hydroph_interaction', 'hydroph_interaction']",0,['hydroph_interaction'],0,0,0,0,0,0,0,0,0,0,0,0,0,0,0,0,0,0,0,0,0,0,0,0,0,0,0,0,0,0,0,0,0,0
CHEMBL3759359_diffdock_5_complex,['hbond'],0,['hydroph_interaction'],['hydroph_interaction'],['hydroph_interaction'],0,"['hydroph_interaction', 'hydroph_interaction']",['hydroph_interaction'],0,0,['hydroph_interaction'],0,0,0,['hydroph_interaction'],0,0,0,0,0,0,0,0,0,0,0,0,0,0,0,0,0,0,0,0,0,0,0,0,0
CHEMBL3903641_diffdock_6_complex,"['hbond', 'hbond']",0,['hydroph_interaction'],"['hydroph_interaction', 'hydroph_interaction']",['hydroph_interaction'],['hydroph_interaction'],0,0,0,0,['hydroph_interaction'],0,0,0,0,['hbond'],0,0,0,0,"['hbond', 'hydroph_interaction']",0,0,0,0,0,0,0,0,0,0,0,0,0,0,0,0,0,0,0
CHEMBL205149_diffdock_1_complex,['hbond'],0,0,"['hydroph_interaction', 'hydroph_interaction']",['hydroph_interaction'],"['hydroph_interaction', 'hydroph_interaction']",['hydroph_interaction'],['hydroph_interaction'],0,0,0,['halogenbond'],0,0,0,0,0,0,0,0,0,0,0,0,0,0,0,0,0,0,0,0,0,0,0,0,0,0,0,0
CHEMBL4439338_diffdock_4_complex,['hbond'],0,['hydroph_interaction'],['hydroph_interaction'],"['hydroph_interaction', 'hydroph_interaction']",['hydroph_interaction'],"['hydroph_interaction', 'hydroph_interaction']",['hydroph_interaction'],0,['hbond'],['halogenbond'],['halogenbond'],0,0,['hydroph_interaction'],0,0,0,0,0,0,0,0,0,0,0,0,0,0,0,0,0,0,0,0,0,0,0,0,0
CHEMBL3967836_diffdock_9_complex,"['hbond', 'hbond']",0,['hydroph_interaction'],"['hydroph_interaction', 'hydroph_interaction']",['hydroph_interaction'],0,0,0,0,0,['hydroph_interaction'],0,0,0,0,['hbond'],0,0,0,0,0,0,0,0,0,0,0,0,0,0,0,0,0,0,0,0,0,0,0,0
CHEMBL4776056_diffdock_7_complex,['hbond'],0,['hydroph_interaction'],['hydroph_interaction'],"['hydroph_interaction', 'hydroph_interaction']","['hydroph_interaction', 'hydroph_interaction']","['pication', 'hydroph_interaction']",['hydroph_interaction'],0,0,0,0,0,0,0,0,0,0,0,0,0,0,0,0,0,0,0,0,0,0,0,0,0,0,0,0,0,0,0,0
CHEMBL3663925_diffdock_8_complex,"['hbond', 'hbond']",0,['hydroph_interaction'],['hydroph_interaction'],['hydroph_interaction'],0,0,0,0,0,0,0,0,['hbond'],0,0,0,0,0,0,0,0,0,0,0,0,0,0,0,0,0,0,0,0,0,0,0,0,0,0
CHEMBL203645_diffdock_8_complex,['hbond'],['hydroph_interaction'],['hydroph_interaction'],['hydroph_interaction'],"['hydroph_interaction', 'hydroph_interaction']",0,0,0,0,0,0,0,0,0,0,0,0,0,0,0,0,0,0,0,0,0,0,0,0,0,0,0,0,0,0,0,0,0,0,0
CHEMBL2425736_diffdock_7_complex,['hbond'],0,['hydroph_interaction'],['hydroph_interaction'],['hydroph_interaction'],"['hbond', 'hydroph_interaction']","['hydroph_interaction', 'hydroph_interaction']",0,0,['saltbridge'],0,['halogenbond'],0,0,0,0,0,0,0,0,0,0,0,0,0,0,0,0,0,0,0,0,0,0,0,0,0,0,0,0
CHEMBL166093_diffdock_7_complex,['hbond'],0,0,['hydroph_interaction'],['hydroph_interaction'],['hydroph_interaction'],['hydroph_interaction'],0,0,0,0,0,0,0,0,0,['halogenbond'],0,0,0,0,0,0,0,0,0,0,0,0,0,0,0,0,0,0,0,0,0,0,0
CHEMBL4439338_diffdock_2_complex,['hbond'],0,['hydroph_interaction'],"['hydroph_interaction', 'hydroph_interaction']",['hydroph_interaction'],['hydroph_interaction'],['hydroph_interaction'],0,0,"['saltbridge', 'hbond']",0,"['hydroph_interaction', 'halogenbond']",0,0,0,0,['hydroph_interaction'],0,0,0,0,0,0,0,0,0,0,['halogenbond'],0,0,0,0,0,0,0,0,0,0,0,0
CHEMBL3676384_diffdock_8_complex,['hbond'],0,0,['hydroph_interaction'],0,['hydroph_interaction'],0,['hydroph_interaction'],0,['hydroph_interaction'],0,0,0,0,0,0,0,0,0,0,0,['hydroph_interaction'],0,0,0,0,['hbond'],0,0,['hbond'],0,0,0,0,0,0,0,0,0,0
CHEMBL3967836_diffdock_1_complex,"['hbond', 'hbond']",0,['hydroph_interaction'],"['hydroph_interaction', 'hydroph_interaction']",['hydroph_interaction'],"['hbond', 'hydroph_interaction', 'hydroph_interaction']",0,0,0,0,['hydroph_interaction'],0,0,0,0,0,0,0,['hydroph_interaction'],0,['hydroph_interaction'],0,0,0,0,0,0,0,0,0,0,0,0,0,0,0,0,0,0,0
CHEMBL4439338_diffdock_1_complex,['hbond'],0,0,"['hydroph_interaction', 'hydroph_interaction']","['hydroph_interaction', 'hydroph_interaction']",['hydroph_interaction'],['hydroph_interaction'],['hydroph_interaction'],0,"['saltbridge', 'hbond']",0,"['hydroph_interaction', 'halogenbond']",0,0,0,0,0,0,0,0,0,['hydroph_interaction'],0,0,0,0,0,0,0,0,0,0,0,0,0,0,0,0,0,0
CHEMBL4228672_diffdock_2_complex,['hbond'],['hydroph_interaction'],0,['hydroph_interaction'],"['hydroph_interaction', 'hydroph_interaction']",0,0,0,0,0,0,0,0,0,0,['hbond'],0,0,0,0,0,0,0,0,0,0,0,0,0,0,0,0,0,0,0,0,0,0,0,0
CHEMBL3763627_diffdock_7_complex,['hbond'],['hydroph_interaction'],['hydroph_interaction'],0,['hydroph_interaction'],['hydroph_interaction'],0,0,0,0,['hydroph_interaction'],0,0,0,0,['hbond'],0,0,['hydroph_interaction'],0,0,0,0,0,0,0,0,0,0,0,0,0,0,0,0,0,0,0,0,0
CHEMBL4443188_diffdock_1_complex,['hbond'],0,['hydroph_interaction'],"['hydroph_interaction', 'hydroph_interaction']",['hydroph_interaction'],"['hbond', 'hydroph_interaction']","['hydroph_interaction', 'hydroph_interaction']",0,0,['saltbridge'],0,['halogenbond'],0,0,0,0,0,0,0,0,0,0,0,0,0,0,0,0,0,0,0,0,0,0,0,0,0,0,0,0
CHEMBL4776056_diffdock_5_complex,['hbond'],0,['hydroph_interaction'],"['hydroph_interaction', 'hydroph_interaction']",['hydroph_interaction'],0,['hydroph_interaction'],['hydroph_interaction'],0,0,['hydroph_interaction'],0,0,0,['hydroph_interaction'],0,0,0,0,0,0,0,0,0,0,0,0,0,0,0,0,0,0,0,0,0,0,0,0,0
CHEMBL29197_diffdock_9_complex,['hbond'],0,0,"['hydroph_interaction', 'hydroph_interaction']",['hydroph_interaction'],"['hydroph_interaction', 'hydroph_interaction']",['hydroph_interaction'],0,0,0,0,['halogenbond'],0,0,0,0,0,0,0,0,0,0,0,0,0,0,0,0,0,0,0,0,0,0,0,0,0,0,0,0
CHEMBL4794670_diffdock_8_complex,"['hbond', 'hydroph_interaction']",0,['hydroph_interaction'],0,['hydroph_interaction'],0,"['hbond', 'hydroph_interaction']",['hydroph_interaction'],['hbond'],0,0,0,0,0,['hydroph_interaction'],0,['hydroph_interaction'],0,0,0,0,0,0,0,0,0,0,0,0,0,0,0,0,0,0,0,0,0,0,0
CHEMBL4439338_diffdock_8_complex,['hbond'],0,['hydroph_interaction'],"['hydroph_interaction', 'hydroph_interaction']","['hydroph_interaction', 'hydroph_interaction']","['hydroph_interaction', 'hydroph_interaction']","['hbond', 'hydroph_interaction', 'hydroph_interaction']","['hbond', 'hydroph_interaction', 'hydroph_interaction']",0,"['saltbridge', 'hbond']",['halogenbond'],"['hydroph_interaction', 'hydroph_interaction']",0,0,0,0,0,0,0,0,0,0,['hydroph_interaction'],0,0,0,0,0,0,0,0,0,0,0,0,0,0,0,0,0
CHEMBL1090364_diffdock_7_complex,"['hbond', 'hbond']",0,['hydroph_interaction'],0,"['hydroph_interaction', 'hydroph_interaction']","['hydroph_interaction', 'hydroph_interaction']",['hbond'],"['hbond', 'hydroph_interaction']",0,0,['hydroph_interaction'],0,0,0,['hydroph_interaction'],0,"['hbond', 'hydroph_interaction']",0,0,0,0,0,0,0,0,0,0,0,0,0,['hydroph_interaction'],0,0,0,0,0,0,0,0,0
CHEMBL3814211_diffdock_2_complex,['hbond'],0,"['hydroph_interaction', 'hydroph_interaction']",['hydroph_interaction'],['hydroph_interaction'],0,['hydroph_interaction'],['hydroph_interaction'],0,0,0,['halogenbond'],0,0,0,0,0,0,0,0,0,0,0,0,0,0,0,0,0,0,0,0,0,0,0,0,0,0,0,0
CHEMBL341522_diffdock_1_complex,['hbond'],0,['hydroph_interaction'],['hydroph_interaction'],['hydroph_interaction'],['hydroph_interaction'],"['hydroph_interaction', 'hydroph_interaction']",['hydroph_interaction'],0,0,0,0,0,0,['hydroph_interaction'],0,0,0,0,0,0,0,0,0,0,0,0,0,0,0,0,0,0,0,0,0,0,0,0,0
CHEMBL203645_diffdock_6_complex,['hbond'],0,0,"['hydroph_interaction', 'hydroph_interaction']",['hydroph_interaction'],0,['hydroph_interaction'],0,0,['hydroph_interaction'],0,0,0,0,0,0,0,0,0,0,0,0,0,0,0,0,0,0,0,0,0,0,0,0,0,0,0,0,0,0
CHEMBL4080720_diffdock_5_complex,['hbond'],0,['hydroph_interaction'],['hydroph_interaction'],"['hydroph_interaction', 'hydroph_interaction']",['hydroph_interaction'],['hydroph_interaction'],['hydroph_interaction'],['hbond'],0,0,['halogenbond'],0,0,0,0,0,0,0,['hbond'],['hbond'],['hydroph_interaction'],0,0,0,0,0,0,0,0,0,0,0,0,0,0,0,0,0,0
CHEMBL4787951_diffdock_3_complex,['hbond'],0,['hydroph_interaction'],['hydroph_interaction'],['hydroph_interaction'],"['hydroph_interaction', 'hydroph_interaction']","['hydroph_interaction', 'hydroph_interaction']",0,0,0,0,0,0,0,['hydroph_interaction'],0,0,0,['saltbridge'],0,0,0,0,0,0,0,0,0,0,0,0,0,0,0,0,0,0,0,0,0
CHEMBL4439338_diffdock_3_complex,['hbond'],0,['hydroph_interaction'],['hydroph_interaction'],"['hydroph_interaction', 'hydroph_interaction']",['hydroph_interaction'],"['hydroph_interaction', 'hydroph_interaction']",['hydroph_interaction'],0,['saltbridge'],0,"['hydroph_interaction', 'halogenbond']",0,0,0,0,"['hbond', 'hydroph_interaction']",0,0,0,0,0,0,0,0,0,0,0,0,0,0,0,0,0,0,0,0,0,0,0
CHEMBL3676384_diffdock_6_complex,"['hbond', 'hydroph_interaction']",0,"['hydroph_interaction', 'hydroph_interaction']",0,"['hydroph_interaction', 'hydroph_interaction']",0,"['hydroph_interaction', 'hydroph_interaction']",['hydroph_interaction'],['hbond'],0,0,['halogenbond'],0,0,0,0,0,0,0,0,0,0,0,0,0,0,0,0,0,0,0,0,0,0,0,0,0,0,0,0
CHEMBL4068047_diffdock_5_complex,"['hbond', 'hbond']",0,"['hydroph_interaction', 'hydroph_interaction']",0,['hydroph_interaction'],0,0,0,0,0,['hydroph_interaction'],0,0,0,['hydroph_interaction'],['hbond'],0,0,0,0,0,0,0,0,0,0,0,0,0,0,0,0,0,0,0,0,0,0,0,0
CHEMBL4070053_diffdock_9_complex,['hbond'],0,['hydroph_interaction'],['hydroph_interaction'],['hydroph_interaction'],['hydroph_interaction'],['hydroph_interaction'],0,0,"['saltbridge', 'hbond']",0,0,0,0,0,0,0,0,0,0,0,0,0,0,0,0,0,0,0,0,0,0,0,0,0,0,0,0,0,0
CHEMBL4776056_diffdock_8_complex,['hbond'],0,"['hydroph_interaction', 'hydroph_interaction']","['hydroph_interaction', 'hydroph_interaction']",['hydroph_interaction'],['hydroph_interaction'],['hbond'],['hydroph_interaction'],0,0,0,0,0,0,['hydroph_interaction'],0,['hbond'],0,0,0,0,0,0,0,0,0,0,0,0,0,0,0,0,0,0,0,0,0,0,0
CHEMBL203645_diffdock_3_complex,['hbond'],['hydroph_interaction'],['hydroph_interaction'],"['hydroph_interaction', 'hydroph_interaction']","['hydroph_interaction', 'hydroph_interaction']","['hydroph_interaction', 'hydroph_interaction']",0,0,0,0,0,0,0,0,0,0,0,0,0,0,0,0,0,0,0,0,0,0,0,0,0,0,0,0,0,0,0,0,0,0
CHEMBL1204261_diffdock_6_complex,['hbond'],0,0,"['hydroph_interaction', 'hydroph_interaction']",['hydroph_interaction'],['hydroph_interaction'],['hydroph_interaction'],['hydroph_interaction'],0,0,0,['halogenbond'],0,0,0,0,0,0,0,0,0,['hydroph_interaction'],0,0,0,0,0,0,0,0,0,0,0,0,0,0,0,0,0,0
CHEMBL4787951_diffdock_9_complex,['hbond'],0,['hydroph_interaction'],['hydroph_interaction'],['hydroph_interaction'],"['hydroph_interaction', 'hydroph_interaction']","['hydroph_interaction', 'hydroph_interaction']",0,0,0,0,0,0,0,['hydroph_interaction'],['hbond'],0,0,0,0,0,0,0,0,0,0,0,0,0,0,0,0,0,0,0,0,0,0,0,0
CHEMBL69071_diffdock_6_complex,['hbond'],0,['hydroph_interaction'],['hydroph_interaction'],['hydroph_interaction'],"['hydroph_interaction', 'hydroph_interaction']",['hydroph_interaction'],0,0,0,0,0,0,0,0,['hbond'],0,0,0,0,0,0,0,0,0,0,0,0,0,0,0,0,0,0,0,0,0,0,0,0
CHEMBL3741026_diffdock_9_complex,"['hbond', 'hydroph_interaction']",0,['hydroph_interaction'],0,"['hydroph_interaction', 'hydroph_interaction']",0,"['hydroph_interaction', 'hydroph_interaction']","['hydroph_interaction', 'hydroph_interaction']",['hbond'],['hydroph_interaction'],0,0,0,0,0,0,0,0,0,0,0,0,0,0,0,0,0,0,0,0,0,0,0,0,0,0,0,0,0,0
CHEMBL31815_diffdock_7_complex,['hbond'],0,['hydroph_interaction'],"['hydroph_interaction', 'hydroph_interaction']","['hydroph_interaction', 'hydroph_interaction']","['hbond', 'hydroph_interaction']","['hydroph_interaction', 'hydroph_interaction']",['hydroph_interaction'],0,0,0,0,0,0,0,0,0,0,0,0,0,0,0,0,0,0,0,0,0,0,0,0,0,0,0,0,0,0,0,0
CHEMBL419137_diffdock_4_complex,['hbond'],0,['hydroph_interaction'],0,"['hydroph_interaction', 'hydroph_interaction']",0,0,['hydroph_interaction'],0,0,0,0,0,0,0,0,0,0,0,0,0,0,0,0,0,0,0,0,0,0,0,0,0,0,0,0,0,0,0,0
CHEMBL2031296_diffdock_3_complex,['hbond'],0,['hydroph_interaction'],['hydroph_interaction'],['hydroph_interaction'],"['hbond', 'hydroph_interaction']",['hydroph_interaction'],['hydroph_interaction'],0,0,0,['halogenbond'],0,0,0,0,0,0,0,0,0,0,0,0,0,0,0,0,0,0,0,0,0,0,0,0,0,0,0,0
CHEMBL51854_diffdock_4_complex,['hbond'],0,0,['hydroph_interaction'],['hydroph_interaction'],0,['hydroph_interaction'],['hydroph_interaction'],0,0,0,['halogenbond'],0,0,0,0,0,0,0,0,0,0,0,0,0,0,0,0,0,0,0,0,0,0,0,0,0,0,0,0
CHEMBL341522_diffdock_8_complex,['hbond'],0,0,"['hydroph_interaction', 'hydroph_interaction']",['hydroph_interaction'],['hydroph_interaction'],"['hydroph_interaction', 'hydroph_interaction']",0,0,0,0,0,0,0,0,0,0,0,['saltbridge'],0,0,0,0,0,0,0,0,0,0,0,0,0,0,0,0,0,0,0,0,0
CHEMBL3132872_diffdock_4_complex,['hbond'],0,['hydroph_interaction'],0,['hydroph_interaction'],['hydroph_interaction'],"['hydroph_interaction', 'hydroph_interaction']",0,0,0,0,0,0,0,['hydroph_interaction'],0,0,0,0,0,0,0,0,0,0,0,0,0,0,0,0,0,0,0,0,0,0,0,0,0
CHEMBL31815_diffdock_1_complex,['hbond'],0,['hydroph_interaction'],0,"['hydroph_interaction', 'hydroph_interaction']",['hbond'],['hydroph_interaction'],0,0,0,0,0,0,0,0,0,0,0,0,0,0,0,0,0,0,0,0,0,0,0,0,0,0,0,0,0,0,0,0,0
CHEMBL3623286_diffdock_2_complex,['hbond'],0,['hydroph_interaction'],['hydroph_interaction'],"['hydroph_interaction', 'hydroph_interaction']",['hydroph_interaction'],['hydroph_interaction'],['hydroph_interaction'],['hbond'],['saltbridge'],0,['halogenbond'],0,0,0,0,0,0,0,0,0,['hydroph_interaction'],0,0,0,0,0,0,0,0,0,0,0,0,0,0,0,0,0,0
CHEMBL419137_diffdock_6_complex,['hbond'],0,['hydroph_interaction'],['hydroph_interaction'],"['pistack', 'hydroph_interaction', 'hydroph_interaction']",['hydroph_interaction'],['hydroph_interaction'],"['hydroph_interaction', 'hydroph_interaction']",['hbond'],0,0,0,0,0,0,0,0,0,0,0,0,0,0,0,0,0,0,0,0,0,0,0,0,0,0,0,0,0,0,0
CHEMBL3763790_diffdock_5_complex,['hbond'],0,['hydroph_interaction'],['hydroph_interaction'],"['hydroph_interaction', 'hydroph_interaction']",['hydroph_interaction'],0,['hydroph_interaction'],0,0,0,0,0,0,0,0,0,0,0,['hbond'],0,['hydroph_interaction'],0,0,0,0,0,0,0,0,0,0,0,0,0,0,0,0,0,0
CHEMBL3671487_diffdock_9_complex,['halogenbond'],0,['hydroph_interaction'],0,0,0,0,0,0,0,0,0,0,0,0,0,0,0,0,0,0,0,0,0,0,0,0,0,0,0,0,0,0,0,0,0,0,0,0,0
CHEMBL3671487_diffdock_5_complex,['hbond'],0,['hydroph_interaction'],['hydroph_interaction'],['pistack'],"['hbond', 'hydroph_interaction']","['hydroph_interaction', 'hydroph_interaction']",['hydroph_interaction'],0,0,0,0,0,0,0,0,0,0,0,0,0,0,0,0,0,0,0,0,0,['hbond'],0,0,0,0,0,0,0,0,0,0
CHEMBL203645_diffdock_7_complex,['hbond'],0,['hydroph_interaction'],0,['hydroph_interaction'],0,['hydroph_interaction'],0,0,0,0,0,0,0,0,0,0,0,0,0,0,0,0,0,0,0,0,0,0,0,0,0,0,0,0,0,0,0,0,0
CHEMBL4080720_diffdock_3_complex,['hbond'],0,0,['hydroph_interaction'],['hydroph_interaction'],0,"['hydroph_interaction', 'hydroph_interaction']",0,0,0,['hydroph_interaction'],0,0,0,['hydroph_interaction'],0,0,0,0,0,0,['hydroph_interaction'],0,0,0,0,0,0,0,0,0,0,0,0,0,0,0,0,0,0
CHEMBL4794670_diffdock_1_complex,['hbond'],0,['hydroph_interaction'],['hydroph_interaction'],['hydroph_interaction'],['hydroph_interaction'],"['hydroph_interaction', 'hydroph_interaction']",0,0,['hbond'],0,0,0,0,0,0,['hydroph_interaction'],0,0,0,0,['hydroph_interaction'],0,0,0,0,0,0,0,0,0,0,0,0,0,0,0,0,0,0
CHEMBL29197_diffdock_6_complex,['hbond'],0,['hydroph_interaction'],['hydroph_interaction'],"['hydroph_interaction', 'hydroph_interaction']",['hydroph_interaction'],['hydroph_interaction'],['hydroph_interaction'],0,0,0,0,0,0,0,0,0,0,0,0,0,0,0,0,0,0,0,0,0,0,0,0,0,0,0,0,0,0,0,0
CHEMBL3814211_diffdock_3_complex,['hbond'],0,['hydroph_interaction'],"['hydroph_interaction', 'hydroph_interaction']",['hydroph_interaction'],['hydroph_interaction'],['hydroph_interaction'],['hydroph_interaction'],0,0,0,['halogenbond'],0,0,0,0,0,0,0,0,0,0,0,0,0,0,0,0,0,0,0,0,0,0,0,0,0,0,0,0
CHEMBL461967_diffdock_7_complex,['hbond'],0,"['hydroph_interaction', 'hydroph_interaction']",['hydroph_interaction'],"['hydroph_interaction', 'hydroph_interaction']",0,['hydroph_interaction'],['hydroph_interaction'],0,"['saltbridge', 'hydroph_interaction']",0,0,0,0,0,0,['hbond'],0,0,0,0,0,0,0,0,0,0,0,0,0,0,0,0,0,0,0,0,0,0,0
CHEMBL3763627_diffdock_2_complex,['hbond'],0,0,['hydroph_interaction'],['hydroph_interaction'],['hydroph_interaction'],"['hbond', 'hydroph_interaction']",['hydroph_interaction'],0,['saltbridge'],0,['hydroph_interaction'],0,0,0,0,"['hbond', 'hydroph_interaction']",0,0,0,0,['hydroph_interaction'],"['hydroph_interaction', 'hydroph_interaction']",0,0,0,0,0,0,0,0,['hydroph_interaction'],0,0,0,0,0,0,0,0
CHEMBL3741026_diffdock_7_complex,"['hbond', 'hydroph_interaction']",0,['hydroph_interaction'],['hydroph_interaction'],['pistack'],0,['hydroph_interaction'],['hydroph_interaction'],0,0,0,0,0,0,0,0,0,0,0,0,0,0,0,0,0,0,0,0,0,0,0,0,0,0,0,0,0,0,0,0
CHEMBL2425736_diffdock_10_complex,0,0,0,0,0,0,0,0,0,0,0,0,0,0,0,0,0,0,0,0,0,0,0,0,0,0,0,0,0,0,0,0,0,0,0,0,0,0,0,0
CHEMBL461967_diffdock_5_complex,['hbond'],0,0,"['hydroph_interaction', 'hydroph_interaction']","['hydroph_interaction', 'hydroph_interaction']","['hbond', 'hydroph_interaction', 'hydroph_interaction']",['hydroph_interaction'],['hydroph_interaction'],0,0,0,['halogenbond'],0,0,0,0,0,0,0,0,0,['hydroph_interaction'],0,0,0,0,0,0,0,0,0,0,0,0,0,0,0,0,0,0
CHEMBL5082074_diffdock_6_complex,['hbond'],"['hydroph_interaction', 'hydroph_interaction']",0,['hydroph_interaction'],"['pistack', 'hydroph_interaction']",['hydroph_interaction'],['hydroph_interaction'],0,0,['saltbridge'],['hydroph_interaction'],0,0,0,0,0,0,0,0,0,['hydroph_interaction'],0,0,0,0,0,0,0,0,0,0,0,0,0,0,0,0,0,0,0
CHEMBL3814211_diffdock_6_complex,['hbond'],0,['hydroph_interaction'],"['hydroph_interaction', 'hydroph_interaction']",['hydroph_interaction'],"['hbond', 'hydroph_interaction']",['hydroph_interaction'],['hydroph_interaction'],0,0,0,['halogenbond'],0,0,0,0,0,0,0,0,0,0,0,0,0,0,0,0,0,0,0,0,0,0,0,0,0,0,0,0
CHEMBL4228672_diffdock_5_complex,"['hbond', 'hbond']",['hydroph_interaction'],0,['hydroph_interaction'],['hydroph_interaction'],['hbond'],0,0,0,['saltbridge'],0,0,0,0,0,['hbond'],0,0,0,0,0,0,0,0,0,0,0,0,0,0,0,0,0,0,0,0,0,0,0,0
CHEMBL5088102_diffdock_1_complex,"['hbond', 'hbond']",0,['hydroph_interaction'],['hydroph_interaction'],"['hydroph_interaction', 'hydroph_interaction']","['hydroph_interaction', 'hydroph_interaction']",0,0,0,0,['hydroph_interaction'],0,0,0,0,0,0,0,0,0,0,0,0,0,0,0,0,0,0,0,0,0,0,0,0,0,0,0,0,0
CHEMBL461967_diffdock_9_complex,['hbond'],0,0,['hydroph_interaction'],['hydroph_interaction'],"['hydroph_interaction', 'hydroph_interaction']",['hydroph_interaction'],0,0,['saltbridge'],0,['halogenbond'],0,0,0,0,0,0,0,0,0,0,0,0,0,0,0,0,0,0,0,0,0,0,0,0,0,0,0,0
CHEMBL3763790_diffdock_1_complex,['hbond'],0,['hydroph_interaction'],['hydroph_interaction'],['hydroph_interaction'],"['hydroph_interaction', 'hydroph_interaction']",['hydroph_interaction'],0,0,0,0,0,0,0,"['hydroph_interaction', 'hydroph_interaction']",0,0,0,0,0,0,0,0,0,0,0,0,0,0,0,0,0,0,0,0,0,0,0,0,0
CHEMBL80540_diffdock_9_complex,['hbond'],0,['hydroph_interaction'],['hydroph_interaction'],"['hydroph_interaction', 'hydroph_interaction']","['hydroph_interaction', 'hydroph_interaction']","['pication', 'hydroph_interaction']",0,0,0,['hydroph_interaction'],0,0,0,0,0,0,0,"['saltbridge', 'hydroph_interaction']",0,0,0,0,0,0,0,0,0,0,0,0,0,0,0,0,0,0,0,0,0
CHEMBL5082074_diffdock_9_complex,['hbond'],"['hydroph_interaction', 'hydroph_interaction']",['hydroph_interaction'],['hydroph_interaction'],"['hydroph_interaction', 'hydroph_interaction']",['hydroph_interaction'],['hydroph_interaction'],0,['hydroph_interaction'],"['saltbridge', 'hydroph_interaction']",['hydroph_interaction'],0,0,0,0,0,0,0,0,0,['hydroph_interaction'],0,0,['hydroph_interaction'],0,0,0,0,0,0,0,0,0,0,0,0,0,0,0,0
CHEMBL4776056_diffdock_2_complex,['hbond'],0,0,['hydroph_interaction'],0,['hydroph_interaction'],['hbond'],['hydroph_interaction'],0,0,0,0,0,0,['hydroph_interaction'],0,['hbond'],0,0,0,0,0,0,0,0,0,0,0,0,0,0,0,0,0,0,0,0,0,0,0
CHEMBL4443188_diffdock_2_complex,['hbond'],0,0,0,['hydroph_interaction'],['hydroph_interaction'],['hydroph_interaction'],0,0,['saltbridge'],0,0,0,0,0,0,['hbond'],0,0,0,0,0,0,0,0,0,0,0,0,0,0,0,0,0,0,0,0,0,0,0
CHEMBL4080720_diffdock_8_complex,['hbond'],"['hydroph_interaction', 'hydroph_interaction']",0,"['hydroph_interaction', 'hydroph_interaction']",['hydroph_interaction'],"['hydroph_interaction', 'hydroph_interaction', 'hydroph_interaction']",0,0,0,0,['hydroph_interaction'],0,0,0,0,0,0,0,0,0,['hbond'],0,0,0,0,0,['halogenbond'],0,0,0,0,0,0,0,0,0,0,0,0,0
CHEMBL4759072_diffdock_5_complex,['hbond'],0,0,"['hydroph_interaction', 'hydroph_interaction']",['hydroph_interaction'],"['hbond', 'hydroph_interaction']",['hydroph_interaction'],['hydroph_interaction'],0,0,0,['halogenbond'],0,0,0,0,0,0,0,0,0,0,0,0,0,0,0,0,0,0,0,0,0,0,0,0,0,0,0,0
CHEMBL3960853_diffdock_10_complex,0,0,"['hydroph_interaction', 'hydroph_interaction']",['hydroph_interaction'],0,"['hydroph_interaction', 'hydroph_interaction']",0,['hydroph_interaction'],0,0,['hydroph_interaction'],0,0,0,['hydroph_interaction'],0,0,0,0,0,0,0,0,0,0,0,['hbond'],0,0,0,0,0,0,0,0,0,0,0,0,0
CHEMBL3759359_diffdock_8_complex,['hbond'],0,['hydroph_interaction'],"['hydroph_interaction', 'hydroph_interaction']",0,['hydroph_interaction'],"['hydroph_interaction', 'hydroph_interaction']",['hydroph_interaction'],0,0,0,0,0,0,['hydroph_interaction'],0,0,0,0,0,0,0,0,0,0,0,0,0,0,0,0,0,0,0,0,0,0,0,0,0
CHEMBL5077776_diffdock_7_complex,"['hbond', 'hbond']",0,['hydroph_interaction'],['hydroph_interaction'],"['hydroph_interaction', 'hydroph_interaction']",['hydroph_interaction'],['hbond'],0,0,0,['hydroph_interaction'],0,0,0,0,0,0,0,0,0,0,0,0,0,0,0,0,0,0,0,0,0,0,0,0,0,0,0,0,0
CHEMBL4776056_diffdock_3_complex,['hbond'],0,['hydroph_interaction'],['hydroph_interaction'],['hydroph_interaction'],"['hydroph_interaction', 'hydroph_interaction']","['hydroph_interaction', 'hydroph_interaction']",['hydroph_interaction'],0,0,['hydroph_interaction'],0,0,0,['hydroph_interaction'],0,0,0,0,0,0,0,0,0,0,0,0,0,0,0,0,0,0,0,0,0,0,0,0,0
CHEMBL460721_diffdock_4_complex,['hbond'],['hydroph_interaction'],['hydroph_interaction'],['hydroph_interaction'],['hydroph_interaction'],0,0,0,0,0,0,0,0,0,0,0,0,0,0,0,['hydroph_interaction'],0,0,0,0,0,['halogenbond'],0,0,0,0,0,0,0,0,0,0,0,0,0
CHEMBL1645466_diffdock_1_complex,['hbond'],['hydroph_interaction'],0,0,['hydroph_interaction'],0,"['hydroph_interaction', 'hydroph_interaction']",0,0,0,0,0,0,0,['hydroph_interaction'],0,0,0,0,"['hbond', 'hbond']",0,0,0,0,0,0,0,0,0,0,0,0,0,0,0,0,0,0,0,0
CHEMBL5077776_diffdock_3_complex,"['hbond', 'hbond']",['hydroph_interaction'],['hydroph_interaction'],['hydroph_interaction'],"['hydroph_interaction', 'hydroph_interaction']",0,['hbond'],0,['hydroph_interaction'],0,['hydroph_interaction'],0,0,0,0,['hbond'],0,0,0,0,0,0,0,0,0,0,0,0,0,0,0,0,0,0,0,0,0,0,0,0
CHEMBL1204261_diffdock_5_complex,['hbond'],0,0,['hydroph_interaction'],0,['hydroph_interaction'],['hydroph_interaction'],0,0,0,0,0,0,0,0,0,0,0,0,0,0,['hydroph_interaction'],0,0,0,0,0,0,0,0,0,0,0,0,0,0,0,0,0,0
CHEMBL3623286_diffdock_6_complex,['hbond'],0,0,['hydroph_interaction'],['hydroph_interaction'],0,['hydroph_interaction'],0,0,['saltbridge'],0,0,0,0,0,0,0,0,0,0,0,['hydroph_interaction'],0,0,0,0,0,0,0,0,0,0,0,0,0,0,0,0,0,0
CHEMBL205149_diffdock_3_complex,['hbond'],0,['hydroph_interaction'],['hydroph_interaction'],['hydroph_interaction'],"['hydroph_interaction', 'hydroph_interaction']",['hydroph_interaction'],['hydroph_interaction'],0,0,0,0,0,0,0,0,0,0,0,0,0,['hydroph_interaction'],0,0,0,0,0,0,0,0,0,0,0,0,0,0,0,0,0,0
CHEMBL3623286_diffdock_4_complex,['hbond'],0,['hydroph_interaction'],0,"['hydroph_interaction', 'hydroph_interaction']",['hydroph_interaction'],['hydroph_interaction'],['hydroph_interaction'],['hbond'],['saltbridge'],0,0,0,0,0,0,0,0,0,0,0,['hydroph_interaction'],0,0,0,0,0,0,0,0,0,0,0,0,0,0,0,0,0,0
CHEMBL461967_diffdock_2_complex,['hbond'],0,['hydroph_interaction'],"['hydroph_interaction', 'hydroph_interaction']",['hydroph_interaction'],"['hydroph_interaction', 'hydroph_interaction']","['hydroph_interaction', 'hydroph_interaction']",['hydroph_interaction'],0,['saltbridge'],0,['halogenbond'],0,0,0,0,0,0,0,0,0,0,0,0,0,0,0,0,0,0,0,0,0,0,0,0,0,0,0,0
CHEMBL503418_diffdock_9_complex,['hbond'],['hydroph_interaction'],['hydroph_interaction'],0,"['pistack', 'hydroph_interaction', 'hydroph_interaction']",0,"['hbond', 'halogenbond']",['hydroph_interaction'],0,['saltbridge'],0,0,0,0,0,0,0,0,0,0,0,0,0,0,0,0,['hbond'],0,0,0,0,0,0,0,0,0,0,0,0,0
CHEMBL2031296_diffdock_4_complex,['hbond'],0,0,['hydroph_interaction'],['hydroph_interaction'],"['hbond', 'hydroph_interaction']",['hydroph_interaction'],0,0,0,0,['halogenbond'],0,0,0,0,0,0,0,0,0,0,0,0,0,0,0,0,0,0,0,0,0,0,0,0,0,0,0,0
CHEMBL4443188_diffdock_5_complex,['hbond'],0,0,0,['hydroph_interaction'],['hydroph_interaction'],['hydroph_interaction'],['hydroph_interaction'],0,0,0,0,0,0,['hydroph_interaction'],0,0,0,0,0,0,0,0,0,0,0,0,0,0,0,0,0,0,0,0,0,0,0,0,0
CHEMBL51854_diffdock_6_complex,['hbond'],0,0,['hydroph_interaction'],"['hydroph_interaction', 'hydroph_interaction']",0,['hydroph_interaction'],['hydroph_interaction'],0,0,0,0,0,0,0,['hbond'],0,0,0,0,0,0,0,0,0,0,0,0,0,0,0,0,0,0,0,0,0,0,0,0
CHEMBL3676384_diffdock_9_complex,['hbond'],0,['hydroph_interaction'],['hydroph_interaction'],"['hydroph_interaction', 'hydroph_interaction']","['hbond', 'hydroph_interaction']",['hydroph_interaction'],['hydroph_interaction'],0,0,0,0,0,0,0,0,0,0,0,0,0,0,0,0,0,0,0,0,0,0,0,0,0,0,0,0,0,0,0,0
CHEMBL3663925_diffdock_1_complex,"['hbond', 'hbond']",0,"['hydroph_interaction', 'hydroph_interaction']",['hydroph_interaction'],['hydroph_interaction'],['hydroph_interaction'],['hydroph_interaction'],0,0,0,0,0,0,['hbond'],0,0,0,0,0,0,['hydroph_interaction'],0,0,0,0,0,0,0,0,0,0,0,0,0,0,0,0,0,0,0
CHEMBL5082074_diffdock_1_complex,['hbond'],0,['hydroph_interaction'],"['hydroph_interaction', 'hydroph_interaction']",['hydroph_interaction'],['hydroph_interaction'],0,0,0,['saltbridge'],['hydroph_interaction'],0,0,0,0,['hbond'],0,0,0,0,0,0,0,0,0,0,0,0,0,0,0,0,0,0,0,0,0,0,0,0
CHEMBL5088102_diffdock_7_complex,"['hbond', 'hbond']",['hydroph_interaction'],0,['hydroph_interaction'],['hydroph_interaction'],"['hydroph_interaction', 'hydroph_interaction', 'hydroph_interaction']",0,0,0,0,0,0,0,0,0,0,0,0,0,0,0,0,0,0,0,0,0,0,0,0,0,0,0,0,0,0,0,0,0,0
CHEMBL4439338_diffdock_10_complex,"['hbond', 'hydroph_interaction']",0,"['hydroph_interaction', 'hydroph_interaction']",['hydroph_interaction'],"['hydroph_interaction', 'hydroph_interaction']",['hbond'],"['hbond', 'hbond', 'hydroph_interaction']",['hydroph_interaction'],['hbond'],['saltbridge'],0,['hydroph_interaction'],0,0,0,['hbond'],0,0,0,0,0,['hydroph_interaction'],0,0,0,0,0,0,0,0,0,0,0,0,0,0,0,0,0,0
CHEMBL77452_diffdock_6_complex,['hbond'],0,['hydroph_interaction'],['hydroph_interaction'],"['hydroph_interaction', 'hydroph_interaction']","['hydroph_interaction', 'hydroph_interaction', 'hydroph_interaction']",['hydroph_interaction'],"['hbond', 'hydroph_interaction']",0,0,['hydroph_interaction'],0,0,0,0,0,0,0,0,0,0,0,0,0,0,0,0,0,0,0,0,0,0,0,0,0,0,0,0,0
CHEMBL4068047_diffdock_7_complex,"['hbond', 'hbond']",0,"['hydroph_interaction', 'hydroph_interaction']",0,['hydroph_interaction'],['hydroph_interaction'],0,['hydroph_interaction'],['hydroph_interaction'],0,0,0,0,0,0,0,0,0,0,0,"['hbond', 'hydroph_interaction']",0,0,['hydroph_interaction'],0,0,0,0,0,0,0,0,0,0,0,0,0,0,0,0
CHEMBL3741026_diffdock_5_complex,['hbond'],['hydroph_interaction'],['hydroph_interaction'],"['hydroph_interaction', 'hydroph_interaction']","['hydroph_interaction', 'hydroph_interaction']",0,['saltbridge'],"['hbond', 'hydroph_interaction']",0,0,['hydroph_interaction'],0,0,0,0,['hbond'],['hydroph_interaction'],['hydroph_interaction'],0,0,0,0,0,0,0,0,0,0,0,0,['hydroph_interaction'],0,['hydroph_interaction'],['hydroph_interaction'],['hydroph_interaction'],0,0,0,0,0
CHEMBL205149_diffdock_9_complex,['hbond'],0,0,"['hydroph_interaction', 'hydroph_interaction']",['hydroph_interaction'],['hydroph_interaction'],['hydroph_interaction'],0,0,0,0,0,0,0,0,0,0,0,0,0,0,['hydroph_interaction'],0,0,0,0,0,0,0,0,0,0,0,0,0,0,0,0,0,0
CHEMBL3763790_diffdock_8_complex,['hbond'],0,['hydroph_interaction'],['hydroph_interaction'],['hydroph_interaction'],['hydroph_interaction'],['hydroph_interaction'],['hydroph_interaction'],0,0,0,0,0,0,0,0,0,0,0,['hbond'],0,0,0,0,0,0,0,0,0,0,0,0,0,0,0,0,0,0,0,0
CHEMBL203645_diffdock_10_complex,0,0,0,0,0,0,0,0,0,0,0,0,0,0,0,0,0,0,0,0,0,0,0,0,0,0,0,0,0,0,0,0,0,0,0,0,0,0,0,0
CHEMBL2425736_diffdock_6_complex,['hbond'],['hydroph_interaction'],['hydroph_interaction'],['hydroph_interaction'],"['hydroph_interaction', 'hydroph_interaction']","['hbond', 'hydroph_interaction']",['hydroph_interaction'],['hydroph_interaction'],0,0,0,0,0,0,0,0,0,0,0,0,0,0,0,0,0,0,0,0,0,0,0,0,0,0,0,0,0,0,0,0
CHEMBL3763790_diffdock_4_complex,['hbond'],0,['hydroph_interaction'],['hydroph_interaction'],"['hydroph_interaction', 'hydroph_interaction']","['hydroph_interaction', 'hydroph_interaction']",['hydroph_interaction'],['hydroph_interaction'],0,0,0,0,0,0,0,0,0,0,0,0,0,['hydroph_interaction'],0,0,0,0,0,0,0,0,0,0,0,0,0,0,0,0,0,0
CHEMBL3967836_diffdock_4_complex,"['hbond', 'hbond']",['hydroph_interaction'],['hydroph_interaction'],['hydroph_interaction'],"['hydroph_interaction', 'hydroph_interaction']","['hydroph_interaction', 'hydroph_interaction']",0,0,0,0,0,0,0,0,0,['hbond'],0,0,0,0,0,0,0,0,0,0,0,0,0,0,0,0,0,0,0,0,0,0,0,0
CHEMBL419137_diffdock_3_complex,['hbond'],0,['hydroph_interaction'],0,['hydroph_interaction'],['hydroph_interaction'],0,['hbond'],0,0,['hydroph_interaction'],0,0,0,0,0,0,0,0,0,0,0,0,0,0,0,0,0,0,0,0,0,0,0,0,0,0,0,0,0
CHEMBL3623286_diffdock_9_complex,['hbond'],0,['hydroph_interaction'],0,0,"['hbond', 'hydroph_interaction']",['hydroph_interaction'],0,0,['saltbridge'],0,0,0,0,['hydroph_interaction'],0,0,0,0,0,0,['hydroph_interaction'],0,0,0,0,0,0,0,0,0,0,0,0,0,0,0,0,0,0
CHEMBL503418_diffdock_3_complex,"['hbond', 'hbond']",0,0,0,"['hydroph_interaction', 'hydroph_interaction']",0,"['hydroph_interaction', 'hydroph_interaction']",['hydroph_interaction'],0,0,0,['hydroph_interaction'],0,0,0,0,['hbond'],0,0,0,0,0,0,0,0,0,0,0,0,0,0,0,0,0,0,0,0,0,0,0
CHEMBL3132872_diffdock_2_complex,['hbond'],0,['hydroph_interaction'],0,['hydroph_interaction'],['hbond'],['hydroph_interaction'],0,0,0,0,0,0,0,['hydroph_interaction'],0,0,0,0,0,0,0,0,0,0,0,0,0,0,0,0,0,0,0,0,0,0,0,0,0
CHEMBL203645_diffdock_9_complex,['hbond'],0,['hydroph_interaction'],['hydroph_interaction'],"['hydroph_interaction', 'hydroph_interaction']","['hydroph_interaction', 'hydroph_interaction']",['hydroph_interaction'],0,0,0,0,0,0,0,0,0,0,0,0,0,0,0,0,0,0,0,0,0,0,0,0,0,0,0,0,0,0,0,0,0
CHEMBL80540_diffdock_2_complex,"['hbond', 'hydroph_interaction']",0,0,['hydroph_interaction'],"['pistack', 'pistack']","['hydroph_interaction', 'hydroph_interaction']","['pication', 'hydroph_interaction']","['hydroph_interaction', 'hydroph_interaction']",0,0,0,0,0,0,0,0,0,0,['saltbridge'],0,0,0,0,0,0,0,0,0,0,0,0,0,0,0,0,0,0,0,0,0
CHEMBL77452_diffdock_5_complex,['hbond'],0,['hydroph_interaction'],['hydroph_interaction'],"['pistack', 'hydroph_interaction']","['hydroph_interaction', 'hydroph_interaction', 'hydroph_interaction']","['hbond', 'pication', 'hydroph_interaction', 'hydroph_interaction']",0,0,0,['hydroph_interaction'],0,0,0,0,0,0,0,0,0,0,0,0,0,0,0,0,0,0,0,0,0,0,0,0,0,0,0,0,0
CHEMBL205149_diffdock_5_complex,['hbond'],0,['hydroph_interaction'],0,['hydroph_interaction'],['hydroph_interaction'],['hydroph_interaction'],0,0,0,0,0,0,0,0,0,0,0,0,0,0,0,0,0,0,0,0,0,0,0,0,0,0,0,0,0,0,0,0,0
CHEMBL2425736_diffdock_3_complex,['hbond'],0,0,['hydroph_interaction'],['hydroph_interaction'],"['hbond', 'hydroph_interaction']",['hydroph_interaction'],0,0,['saltbridge'],0,['halogenbond'],0,0,0,0,0,0,0,0,0,0,0,0,0,0,0,0,0,0,0,0,0,0,0,0,0,0,0,0
CHEMBL69071_diffdock_7_complex,['hbond'],0,['hydroph_interaction'],0,['hydroph_interaction'],0,0,0,0,0,0,0,0,0,0,0,0,0,0,0,0,0,0,0,0,0,0,0,0,0,0,0,0,0,0,0,0,0,0,0
CHEMBL419137_diffdock_2_complex,['hbond'],['hydroph_interaction'],['hydroph_interaction'],0,"['hydroph_interaction', 'hydroph_interaction']",0,0,0,0,0,['hydroph_interaction'],0,0,0,0,0,0,0,0,0,0,0,0,0,0,0,0,0,0,0,0,0,0,0,0,0,0,0,0,0
CHEMBL3763627_diffdock_4_complex,['hbond'],0,['hydroph_interaction'],['hydroph_interaction'],['hydroph_interaction'],['hydroph_interaction'],"['hbond', 'hydroph_interaction']","['hbond', 'hydroph_interaction']",0,['saltbridge'],0,['hydroph_interaction'],0,0,0,0,"['hbond', 'hydroph_interaction']",0,0,0,0,0,0,0,0,0,0,0,0,0,0,['hydroph_interaction'],0,0,0,0,0,0,0,0
CHEMBL460721_diffdock_7_complex,['hbond'],0,0,['hydroph_interaction'],"['hydroph_interaction', 'hydroph_interaction']",0,['hydroph_interaction'],['hydroph_interaction'],0,['hydroph_interaction'],0,0,0,0,0,0,0,0,['saltbridge'],0,0,0,0,0,0,0,0,0,0,0,0,0,0,0,0,0,0,0,0,0
CHEMBL3763790_diffdock_3_complex,['hbond'],0,['hydroph_interaction'],0,['hydroph_interaction'],['hydroph_interaction'],['hydroph_interaction'],['hydroph_interaction'],0,0,0,['halogenbond'],0,0,0,0,0,0,0,0,['hydroph_interaction'],0,0,0,0,0,0,0,0,0,0,0,0,0,0,0,0,0,0,0
CHEMBL4776056_diffdock_6_complex,['hbond'],['hydroph_interaction'],['hydroph_interaction'],['hydroph_interaction'],"['pistack', 'hydroph_interaction']","['hydroph_interaction', 'hydroph_interaction']",0,['hydroph_interaction'],0,0,0,0,0,0,0,0,0,0,0,0,0,0,0,0,0,0,0,0,0,0,0,0,0,0,0,0,0,0,0,0
CHEMBL29197_diffdock_5_complex,['hbond'],0,0,['hydroph_interaction'],['hydroph_interaction'],"['hydroph_interaction', 'hydroph_interaction']",['hydroph_interaction'],0,0,0,0,0,0,0,0,0,0,0,0,0,0,0,0,0,0,0,0,0,0,0,0,0,0,0,0,0,0,0,0,0
CHEMBL3741026_diffdock_2_complex,['hbond'],0,0,['hydroph_interaction'],"['hydroph_interaction', 'hydroph_interaction']",['hydroph_interaction'],0,['hydroph_interaction'],0,0,0,0,0,0,['hydroph_interaction'],0,['hydroph_interaction'],0,['hydroph_interaction'],0,0,0,0,0,0,0,0,0,0,0,0,0,0,0,0,0,0,0,0,0
CHEMBL1090364_diffdock_10_complex,"['hbond', 'hbond']",0,['hydroph_interaction'],0,"['hydroph_interaction', 'hydroph_interaction']","['hbond', 'hydroph_interaction', 'hydroph_interaction']","['hbond', 'hydroph_interaction']","['hbond', 'hydroph_interaction']",0,0,['hydroph_interaction'],['hydroph_interaction'],0,0,0,0,['hydroph_interaction'],0,0,0,0,0,0,0,0,0,0,0,0,0,0,0,0,0,0,0,0,0,0,0
CHEMBL3960853_diffdock_9_complex,['hbond'],0,['hydroph_interaction'],['hydroph_interaction'],"['hydroph_interaction', 'hydroph_interaction']","['hydroph_interaction', 'hydroph_interaction']","['hydroph_interaction', 'hydroph_interaction']",['hydroph_interaction'],0,0,0,0,0,0,0,0,0,0,0,0,0,0,0,0,0,0,0,0,0,0,0,0,0,0,0,0,0,0,0,0
CHEMBL2031296_diffdock_2_complex,['hbond'],0,0,"['hydroph_interaction', 'hydroph_interaction']",['hydroph_interaction'],"['hbond', 'hydroph_interaction']",['hydroph_interaction'],['hydroph_interaction'],0,0,0,['halogenbond'],0,0,0,0,0,0,0,0,0,0,0,0,0,0,0,0,0,0,0,0,0,0,0,0,0,0,0,0
CHEMBL460721_diffdock_2_complex,['hbond'],0,['hydroph_interaction'],['hydroph_interaction'],['hydroph_interaction'],['hydroph_interaction'],"['hydroph_interaction', 'hydroph_interaction']",0,['hbond'],['saltbridge'],0,0,0,0,['hydroph_interaction'],0,0,0,0,0,0,0,0,['hydroph_interaction'],0,0,0,0,0,0,0,0,0,0,0,0,0,0,0,0
CHEMBL5077776_diffdock_9_complex,['hbond'],['hydroph_interaction'],['hydroph_interaction'],['hydroph_interaction'],"['hydroph_interaction', 'hydroph_interaction']","['hydroph_interaction', 'hydroph_interaction']","['hbond', 'hydroph_interaction', 'hydroph_interaction']",0,0,0,['hydroph_interaction'],0,0,0,0,0,0,0,0,0,0,0,0,0,0,0,0,0,0,0,0,0,0,0,0,0,0,0,0,0
CHEMBL4759072_diffdock_6_complex,['hbond'],0,['hydroph_interaction'],['hydroph_interaction'],['hydroph_interaction'],"['hbond', 'hydroph_interaction']",['hydroph_interaction'],0,0,['hbond'],0,0,0,0,0,0,0,0,0,0,0,0,0,0,0,0,0,0,0,0,0,0,0,0,0,0,0,0,0,0
CHEMBL4759072_diffdock_2_complex,['hbond'],0,['hydroph_interaction'],['hydroph_interaction'],['hydroph_interaction'],"['hbond', 'hydroph_interaction']",0,0,0,0,0,0,0,0,['hydroph_interaction'],0,0,0,['hbond'],0,0,0,0,0,0,0,0,0,0,0,0,0,0,0,0,0,0,0,0,0
CHEMBL5082074_diffdock_8_complex,['hbond'],['hydroph_interaction'],['hydroph_interaction'],0,['hydroph_interaction'],0,0,0,0,0,0,0,0,0,0,['hbond'],0,0,0,0,0,0,0,0,0,0,0,0,0,0,0,0,0,0,0,['hydroph_interaction'],0,0,0,0
CHEMBL503418_diffdock_2_complex,['hbond'],0,0,0,"['hydroph_interaction', 'hydroph_interaction', 'hydroph_interaction']","['hydroph_interaction', 'hydroph_interaction']",['hydroph_interaction'],0,0,"['saltbridge', 'saltbridge']",0,['hydroph_interaction'],0,0,0,['hbond'],['hbond'],0,0,0,0,0,0,0,0,['hydroph_interaction'],0,0,0,0,0,0,0,0,0,0,0,0,0,0
CHEMBL3903641_diffdock_10_complex,0,0,0,0,0,0,0,0,0,0,0,0,0,0,0,0,0,0,0,0,0,0,0,0,0,0,0,0,0,0,0,0,0,0,0,0,0,0,0,0
CHEMBL3759359_diffdock_2_complex,['hbond'],0,['hydroph_interaction'],['hydroph_interaction'],['hydroph_interaction'],['hydroph_interaction'],"['hydroph_interaction', 'hydroph_interaction']",['hydroph_interaction'],0,0,['hydroph_interaction'],0,0,0,['hydroph_interaction'],0,0,0,0,0,0,0,0,0,0,0,0,0,0,0,0,0,0,0,0,0,0,0,0,0
CHEMBL166093_diffdock_2_complex,['hbond'],0,['hydroph_interaction'],['hydroph_interaction'],"['hydroph_interaction', 'hydroph_interaction']",0,['hydroph_interaction'],['hydroph_interaction'],0,0,0,0,0,0,0,0,0,0,0,0,0,0,0,0,0,0,0,0,0,0,0,0,0,0,0,0,0,0,0,0
CHEMBL460721_diffdock_1_complex,['hbond'],0,0,['hydroph_interaction'],['hydroph_interaction'],"['hydroph_interaction', 'hydroph_interaction']",['hydroph_interaction'],['hydroph_interaction'],0,['saltbridge'],0,0,0,0,0,0,0,0,0,0,0,0,0,['hydroph_interaction'],0,0,0,0,0,0,0,0,0,0,0,0,0,0,0,0
CHEMBL2437460_diffdock_1_complex,"['hbond', 'hbond']",0,['hydroph_interaction'],"['hydroph_interaction', 'hydroph_interaction']",['hydroph_interaction'],"['hydroph_interaction', 'hydroph_interaction']",0,0,0,0,0,0,0,0,0,0,0,0,0,0,"['hbond', 'hydroph_interaction']",0,0,0,0,0,0,0,0,0,0,0,0,0,0,0,0,0,0,0
CHEMBL29197_diffdock_7_complex,['hbond'],0,0,['hydroph_interaction'],['hydroph_interaction'],['hydroph_interaction'],['hydroph_interaction'],0,0,0,0,['halogenbond'],0,0,0,0,0,0,0,0,0,0,0,0,0,0,0,0,0,0,0,0,0,0,0,0,0,0,0,0
CHEMBL2437460_diffdock_2_complex,"['hbond', 'hbond']",0,['hydroph_interaction'],['hydroph_interaction'],0,['hydroph_interaction'],0,0,0,0,0,0,0,0,0,0,0,0,0,0,"['hbond', 'hydroph_interaction']",0,0,0,0,0,0,0,0,0,0,0,0,0,0,0,0,0,0,0
CHEMBL4228672_diffdock_9_complex,['hbond'],['hydroph_interaction'],0,['hydroph_interaction'],"['hydroph_interaction', 'hydroph_interaction']","['hbond', 'hydroph_interaction']",0,0,0,['saltbridge'],0,0,0,0,0,['hbond'],0,0,0,0,0,0,0,0,0,0,0,0,0,0,0,0,0,0,0,0,0,0,0,0
CHEMBL3967836_diffdock_7_complex,"['hbond', 'hbond']",0,['hydroph_interaction'],"['hydroph_interaction', 'hydroph_interaction']",['hydroph_interaction'],"['hydroph_interaction', 'hydroph_interaction']",0,0,0,0,0,0,0,0,0,['hbond'],0,0,0,0,['hydroph_interaction'],0,0,0,0,0,0,0,0,0,0,0,0,0,0,0,0,0,0,0
CHEMBL3814211_diffdock_9_complex,['hbond'],0,['hydroph_interaction'],0,['hydroph_interaction'],0,['hydroph_interaction'],['hydroph_interaction'],0,0,0,['halogenbond'],0,0,0,0,0,0,0,0,0,0,0,0,0,0,0,0,0,0,0,0,0,0,0,0,0,0,0,0
CHEMBL1645466_diffdock_9_complex,['hbond'],0,0,"['hydroph_interaction', 'hydroph_interaction']",['hydroph_interaction'],['hydroph_interaction'],['hydroph_interaction'],0,0,0,0,0,0,0,['hydroph_interaction'],0,0,0,0,0,0,0,0,0,0,0,0,0,0,0,0,0,0,0,0,0,0,0,0,0
CHEMBL2425736_diffdock_1_complex,"['hbond', 'hydroph_interaction']",0,['hydroph_interaction'],0,"['hydroph_interaction', 'hydroph_interaction']",['hydroph_interaction'],['hydroph_interaction'],['hydroph_interaction'],0,['saltbridge'],0,0,0,0,0,0,0,0,0,0,0,['hydroph_interaction'],0,0,0,0,0,0,0,0,0,0,0,0,0,0,0,0,0,0
CHEMBL80540_diffdock_7_complex,['hbond'],0,['hydroph_interaction'],['hydroph_interaction'],"['hydroph_interaction', 'hydroph_interaction']","['hydroph_interaction', 'hydroph_interaction']","['pication', 'hydroph_interaction', 'hydroph_interaction']",0,0,0,['hydroph_interaction'],0,0,0,0,0,0,0,"['saltbridge', 'hbond']",0,0,0,0,0,0,0,0,0,0,0,0,0,0,0,0,0,0,0,0,0
CHEMBL3763790_diffdock_2_complex,['hbond'],['hydroph_interaction'],['hydroph_interaction'],0,"['hydroph_interaction', 'hydroph_interaction']","['hbond', 'hydroph_interaction', 'hydroph_interaction']",['hydroph_interaction'],['hydroph_interaction'],0,0,0,['halogenbond'],0,0,0,0,0,0,0,0,0,['hydroph_interaction'],0,0,0,0,0,0,0,0,0,0,0,0,0,0,0,0,0,0
CHEMBL1645466_diffdock_10_complex,['hbond'],0,['hydroph_interaction'],['hydroph_interaction'],['hydroph_interaction'],['hydroph_interaction'],0,['hydroph_interaction'],0,0,['hydroph_interaction'],0,0,0,0,0,0,0,0,0,0,0,0,0,0,0,0,0,0,0,0,0,0,0,0,0,0,0,0,0
CHEMBL419137_diffdock_1_complex,"['hbond', 'hydroph_interaction']",0,"['hydroph_interaction', 'hydroph_interaction']",['hydroph_interaction'],0,0,0,0,0,0,['hydroph_interaction'],0,0,0,0,0,0,0,0,0,0,0,0,0,0,0,0,0,0,0,0,0,0,0,0,0,0,0,0,0
CHEMBL80540_diffdock_6_complex,['hbond'],0,['hydroph_interaction'],0,"['hydroph_interaction', 'hydroph_interaction', 'hydroph_interaction']",['hydroph_interaction'],"['hbond', 'hydroph_interaction', 'hydroph_interaction']",['hydroph_interaction'],0,0,['hydroph_interaction'],0,0,0,0,0,0,0,0,0,0,['hydroph_interaction'],0,0,0,0,0,0,0,0,0,0,0,0,0,0,0,0,0,0
CHEMBL3903641_diffdock_7_complex,"['hbond', 'hbond']",0,['hydroph_interaction'],"['hydroph_interaction', 'hydroph_interaction']","['hydroph_interaction', 'hydroph_interaction']","['hydroph_interaction', 'hydroph_interaction', 'hydroph_interaction']",0,['halogenbond'],0,0,['hydroph_interaction'],0,0,0,0,0,0,0,0,0,0,0,0,0,0,0,0,0,0,0,0,0,0,0,0,0,0,0,0,0
CHEMBL2437460_diffdock_9_complex,"['hbond', 'hbond']",0,['hydroph_interaction'],0,['hydroph_interaction'],0,0,0,0,0,0,0,0,0,0,0,0,0,0,0,0,0,0,0,0,0,0,0,['hbond'],0,0,0,0,0,0,0,0,0,0,0
CHEMBL3960853_diffdock_1_complex,['hbond'],0,['hydroph_interaction'],"['hydroph_interaction', 'hydroph_interaction']",0,['hydroph_interaction'],"['hydroph_interaction', 'hydroph_interaction']",0,0,['saltbridge'],['hydroph_interaction'],0,0,0,0,0,0,0,['saltbridge'],0,0,0,0,0,0,0,0,0,0,0,0,0,0,0,0,0,0,0,0,0
CHEMBL4759072_diffdock_10_complex,['hydroph_interaction'],0,['hydroph_interaction'],['hydroph_interaction'],['hydroph_interaction'],0,0,0,0,0,['hydroph_interaction'],0,0,0,0,0,0,0,0,0,0,"['hydroph_interaction', 'hydroph_interaction']",0,0,0,0,0,0,0,0,0,0,0,0,0,0,0,0,0,0
CHEMBL3623286_diffdock_5_complex,['hbond'],0,['hydroph_interaction'],"['hydroph_interaction', 'hydroph_interaction']",['hydroph_interaction'],['hydroph_interaction'],['hydroph_interaction'],0,['hbond'],['saltbridge'],0,0,0,0,0,0,0,0,0,0,0,0,0,0,0,0,0,0,0,0,0,0,0,0,0,0,0,0,0,0
CHEMBL4228672_diffdock_4_complex,['hbond'],['hydroph_interaction'],0,['hydroph_interaction'],['hydroph_interaction'],0,0,0,0,0,0,0,0,0,0,['hbond'],0,0,0,0,0,0,0,0,0,0,0,0,0,0,0,0,0,0,0,0,0,0,0,0
CHEMBL4439338_diffdock_5_complex,"['hbond', 'hydroph_interaction']",0,['hydroph_interaction'],0,"['hydroph_interaction', 'hydroph_interaction']",['hydroph_interaction'],"['pication', 'hydroph_interaction']",['hydroph_interaction'],0,['saltbridge'],0,['hydroph_interaction'],0,0,['hydroph_interaction'],0,0,0,0,0,0,0,0,0,0,['hydroph_interaction'],0,0,0,0,0,0,0,0,0,0,0,0,0,0
CHEMBL4776056_diffdock_9_complex,['hbond'],0,['hydroph_interaction'],"['hydroph_interaction', 'hydroph_interaction', 'hydroph_interaction']","['hydroph_interaction', 'hydroph_interaction']",['hydroph_interaction'],['hydroph_interaction'],0,0,0,0,0,0,['hbond'],['hydroph_interaction'],0,0,0,0,0,0,0,0,0,0,0,0,0,0,0,0,0,0,0,0,0,['hbond'],0,0,0
CHEMBL5198812_diffdock_4_complex,0,['hydroph_interaction'],0,['hydroph_interaction'],"['hydroph_interaction', 'hydroph_interaction']","['hydroph_interaction', 'hydroph_interaction']",0,0,0,0,0,0,0,0,0,0,0,0,0,0,0,0,0,0,0,0,0,0,0,0,0,0,0,0,0,0,0,0,0,0
CHEMBL4070053_diffdock_7_complex,['hbond'],0,['hydroph_interaction'],['hydroph_interaction'],['hydroph_interaction'],['hydroph_interaction'],['hydroph_interaction'],0,0,0,0,0,0,0,0,0,0,0,0,0,0,0,0,0,0,0,0,0,0,0,0,0,0,0,0,0,0,0,0,0
CHEMBL2437460_diffdock_6_complex,"['hbond', 'hbond']",0,['hydroph_interaction'],['hydroph_interaction'],['hydroph_interaction'],['hydroph_interaction'],0,0,0,0,0,0,0,0,0,0,0,0,0,['hydroph_interaction'],0,0,0,0,0,0,0,0,['hbond'],0,0,0,0,0,0,0,0,0,0,0
CHEMBL3132872_diffdock_9_complex,['hbond'],0,"['hydroph_interaction', 'hydroph_interaction']",0,"['hydroph_interaction', 'hydroph_interaction']",0,0,['hydroph_interaction'],0,0,0,0,0,0,0,0,0,0,0,0,0,0,0,0,0,0,0,0,0,0,0,0,0,0,0,0,0,0,0,0
CHEMBL29197_diffdock_3_complex,['hbond'],0,['hydroph_interaction'],['hydroph_interaction'],"['hydroph_interaction', 'hydroph_interaction']",0,['hydroph_interaction'],['hydroph_interaction'],0,0,0,0,0,0,0,0,0,0,0,0,0,0,0,0,0,0,0,0,0,0,0,0,0,0,0,0,0,0,0,0
CHEMBL3763627_diffdock_5_complex,['hbond'],0,0,0,['hydroph_interaction'],['hydroph_interaction'],['hbond'],['hydroph_interaction'],0,['saltbridge'],0,['hydroph_interaction'],0,0,0,['hbond'],"['hbond', 'hydroph_interaction']",0,0,0,0,['hydroph_interaction'],0,0,0,0,0,0,0,0,0,0,0,0,0,0,0,0,0,0
CHEMBL4794670_diffdock_9_complex,['hbond'],0,0,0,"['hydroph_interaction', 'hydroph_interaction']",['hydroph_interaction'],"['hbond', 'hydroph_interaction']","['hydroph_interaction', 'hydroph_interaction']",0,['hbond'],0,0,0,0,['hydroph_interaction'],0,['hbond'],0,0,0,0,0,['hydroph_interaction'],0,0,0,0,0,0,0,0,0,0,0,0,0,0,0,0,0
CHEMBL31815_diffdock_10_complex,['hbond'],0,"['hydroph_interaction', 'hydroph_interaction']",['hydroph_interaction'],"['hydroph_interaction', 'hydroph_interaction']",['hydroph_interaction'],0,['hydroph_interaction'],0,0,['hydroph_interaction'],0,0,0,0,0,0,0,0,0,0,0,0,0,0,0,0,0,0,0,0,0,0,0,0,0,0,0,0,0
CHEMBL2425736_diffdock_8_complex,"['hbond', 'hydroph_interaction']",0,"['hydroph_interaction', 'hydroph_interaction']",['hydroph_interaction'],"['hydroph_interaction', 'hydroph_interaction']",0,['hydroph_interaction'],['hydroph_interaction'],0,['saltbridge'],0,0,0,0,0,0,0,0,0,0,0,0,0,0,0,0,0,0,0,0,0,0,0,0,0,0,0,0,0,0
CHEMBL3623286_diffdock_10_complex,['hbond'],0,0,"['hydroph_interaction', 'hydroph_interaction']",['hydroph_interaction'],0,['hydroph_interaction'],0,0,['saltbridge'],0,0,0,0,0,0,0,0,0,0,0,['hydroph_interaction'],0,0,0,0,0,0,0,0,0,0,0,0,0,0,0,0,0,0
CHEMBL80540_diffdock_1_complex,['hbond'],['pistack'],['hydroph_interaction'],['hydroph_interaction'],"['hydroph_interaction', 'hydroph_interaction', 'hydroph_interaction']",['hydroph_interaction'],"['hbond', 'hydroph_interaction']",['hydroph_interaction'],0,0,['hydroph_interaction'],0,0,0,0,0,0,0,['saltbridge'],0,0,['hydroph_interaction'],0,0,0,0,0,0,0,0,0,0,0,0,0,0,0,0,0,0
CHEMBL5198812_diffdock_7_complex,0,0,"['hydroph_interaction', 'hydroph_interaction']",0,['hydroph_interaction'],"['hydroph_interaction', 'hydroph_interaction']","['hbond', 'pication']","['hbond', 'hbond', 'hydroph_interaction']",0,0,0,0,0,0,0,0,0,0,0,0,0,0,0,0,0,0,0,0,0,0,0,0,0,0,0,0,0,0,0,0
CHEMBL2437460_diffdock_5_complex,"['hbond', 'hbond']",0,['hydroph_interaction'],['hydroph_interaction'],['hydroph_interaction'],"['hydroph_interaction', 'hydroph_interaction', 'hydroph_interaction']",0,0,0,0,0,0,0,0,0,0,0,0,0,"['hbond', 'hydroph_interaction']",0,0,0,0,0,0,0,0,0,0,0,0,0,0,0,0,0,0,0,0
CHEMBL77452_diffdock_3_complex,['hbond'],0,['hydroph_interaction'],['hydroph_interaction'],"['hydroph_interaction', 'hydroph_interaction']","['hydroph_interaction', 'hydroph_interaction', 'hydroph_interaction']","['pication', 'hydroph_interaction']",['hydroph_interaction'],0,['hbond'],['hydroph_interaction'],0,0,0,0,0,0,0,0,0,0,0,0,0,0,0,0,0,0,0,0,0,0,0,0,0,0,0,0,0
CHEMBL3623286_diffdock_1_complex,['hbond'],0,0,['hydroph_interaction'],"['hydroph_interaction', 'hydroph_interaction']",['hydroph_interaction'],['hydroph_interaction'],['hydroph_interaction'],['hbond'],['saltbridge'],0,['halogenbond'],0,0,0,0,0,0,0,0,0,['hydroph_interaction'],0,0,0,0,0,0,0,0,0,0,0,0,0,0,0,0,0,0
CHEMBL341522_diffdock_10_complex,0,0,0,0,0,0,0,0,0,0,0,0,0,0,0,0,0,0,0,0,0,0,0,0,0,0,0,0,0,0,0,0,0,0,0,0,0,0,0,0
CHEMBL5077776_diffdock_5_complex,"['hbond', 'hbond']",['hydroph_interaction'],['hydroph_interaction'],['hydroph_interaction'],"['hydroph_interaction', 'hydroph_interaction']",['hydroph_interaction'],['hbond'],0,0,0,['hydroph_interaction'],0,0,0,0,0,0,0,0,0,0,0,0,0,0,0,0,0,0,0,0,0,0,0,0,0,0,0,0,0
CHEMBL3967836_diffdock_10_complex,"['hbond', 'hbond']",0,['hydroph_interaction'],0,['hydroph_interaction'],"['hydroph_interaction', 'hydroph_interaction']",0,0,0,['hbond'],['hydroph_interaction'],0,0,0,0,0,0,0,0,0,['hydroph_interaction'],0,0,0,0,0,0,0,0,0,0,0,0,0,0,0,0,0,0,0
CHEMBL3676384_diffdock_3_complex,['hbond'],0,['hydroph_interaction'],['hydroph_interaction'],"['hydroph_interaction', 'hydroph_interaction']","['hbond', 'hydroph_interaction']",['hydroph_interaction'],['hydroph_interaction'],0,0,0,0,0,0,0,0,0,0,0,0,0,['hydroph_interaction'],0,0,0,0,['hbond'],0,0,['hbond'],0,0,0,0,0,0,0,0,0,0
CHEMBL3676384_diffdock_10_complex,['hbond'],0,0,['hydroph_interaction'],['hydroph_interaction'],"['hbond', 'hydroph_interaction']",['hydroph_interaction'],['hydroph_interaction'],0,0,0,0,0,0,0,0,0,0,0,0,0,0,0,0,0,0,0,0,0,0,0,0,0,0,0,0,0,0,0,0
CHEMBL461967_diffdock_8_complex,['hbond'],0,0,['hydroph_interaction'],['hydroph_interaction'],"['hydroph_interaction', 'hydroph_interaction']",['hydroph_interaction'],0,0,['saltbridge'],0,['halogenbond'],0,0,0,0,0,0,0,0,0,0,0,0,0,0,0,0,0,0,0,0,0,0,0,0,0,0,0,0
CHEMBL1090364_diffdock_5_complex,"['hbond', 'hbond']",0,['hydroph_interaction'],0,"['hydroph_interaction', 'hydroph_interaction', 'hydroph_interaction']",['hydroph_interaction'],"['hbond', 'hydroph_interaction', 'hydroph_interaction']",['hydroph_interaction'],0,0,['hydroph_interaction'],['hydroph_interaction'],0,0,0,0,['hbond'],0,0,0,0,0,0,0,0,0,0,0,0,0,0,0,0,0,0,0,0,0,0,0
CHEMBL4068047_diffdock_10_complex,0,0,0,0,0,0,0,0,0,0,0,0,0,0,0,0,0,0,0,0,0,0,0,0,0,0,0,0,0,0,0,0,0,0,0,0,0,0,0,0
CHEMBL3676384_diffdock_7_complex,['hbond'],0,0,['hydroph_interaction'],['hydroph_interaction'],"['hbond', 'hydroph_interaction']",['hydroph_interaction'],['hydroph_interaction'],0,0,0,0,0,0,0,0,0,0,0,0,0,['hydroph_interaction'],0,0,0,0,0,0,0,['hbond'],0,0,0,0,0,0,0,0,0,0
CHEMBL503418_diffdock_1_complex,"['hbond', 'hbond']",0,0,['hydroph_interaction'],"['hydroph_interaction', 'hydroph_interaction']",['hydroph_interaction'],0,0,0,"['saltbridge', 'saltbridge']",0,['halogenbond'],0,0,0,0,['hydroph_interaction'],0,0,0,0,0,['hydroph_interaction'],0,0,0,0,0,0,0,0,0,0,0,0,0,0,0,0,0
CHEMBL4794670_diffdock_10_complex,0,0,0,0,0,0,0,0,0,0,0,0,0,0,0,0,0,0,0,0,0,0,0,0,0,0,0,0,0,0,0,0,0,0,0,0,0,0,0,0
CHEMBL2031296_diffdock_9_complex,['hbond'],0,0,"['hydroph_interaction', 'hydroph_interaction']",['hydroph_interaction'],['hydroph_interaction'],['hydroph_interaction'],0,0,0,0,0,0,0,0,0,0,0,0,0,0,['hydroph_interaction'],0,0,0,0,0,0,0,0,0,0,0,0,0,0,0,0,0,0
CHEMBL5077776_diffdock_6_complex,"['hbond', 'hbond']",0,['hydroph_interaction'],['hydroph_interaction'],"['hydroph_interaction', 'hydroph_interaction']",0,['hbond'],0,0,0,0,0,0,0,0,['hbond'],['hbond'],0,0,0,0,0,0,0,0,0,0,0,0,0,0,0,0,0,0,0,0,0,0,0
CHEMBL166093_diffdock_1_complex,['hbond'],0,0,['hydroph_interaction'],['hydroph_interaction'],['hbond'],['hydroph_interaction'],0,0,0,0,0,0,0,0,0,0,0,0,0,0,0,0,0,0,0,0,0,0,0,0,0,0,0,0,0,0,0,0,0
CHEMBL3132872_diffdock_6_complex,['hbond'],0,['hydroph_interaction'],0,['hydroph_interaction'],['hydroph_interaction'],['hydroph_interaction'],['hydroph_interaction'],0,0,0,0,0,0,0,0,0,0,0,0,0,0,0,0,0,0,0,0,0,0,0,0,0,0,0,0,0,0,0,0
CHEMBL3132872_diffdock_3_complex,['hbond'],0,['hydroph_interaction'],0,['hydroph_interaction'],['hydroph_interaction'],['hydroph_interaction'],0,0,0,0,0,0,0,['hydroph_interaction'],0,0,0,0,0,0,0,0,0,0,0,0,0,0,0,0,0,0,0,0,0,0,0,0,0
CHEMBL4794670_diffdock_3_complex,"['hbond', 'hydroph_interaction']",0,['hydroph_interaction'],0,"['hydroph_interaction', 'hydroph_interaction']",0,0,['hydroph_interaction'],['hbond'],['hydroph_interaction'],0,0,0,0,['hydroph_interaction'],0,['hydroph_interaction'],0,0,0,0,0,0,0,0,0,0,['halogenbond'],0,0,0,0,0,0,0,0,0,0,0,0
CHEMBL419137_diffdock_8_complex,['hbond'],0,0,"['hydroph_interaction', 'hydroph_interaction']","['pistack', 'hydroph_interaction', 'hydroph_interaction']",['hydroph_interaction'],0,['hydroph_interaction'],0,0,0,0,0,0,0,0,0,0,0,0,0,0,0,0,0,0,0,0,0,0,0,0,0,0,0,0,0,['hydroph_interaction'],0,0
CHEMBL3903641_diffdock_2_complex,"['hbond', 'hbond']",0,['hydroph_interaction'],"['hydroph_interaction', 'hydroph_interaction']",['hydroph_interaction'],['hydroph_interaction'],0,['halogenbond'],0,0,['hydroph_interaction'],0,0,0,0,0,0,0,0,0,0,0,0,0,0,0,0,0,0,0,0,0,0,0,0,0,0,0,0,0
CHEMBL205149_diffdock_7_complex,['hbond'],0,"['hydroph_interaction', 'hydroph_interaction']",0,['hydroph_interaction'],['hydroph_interaction'],['hydroph_interaction'],['hydroph_interaction'],0,0,0,0,0,0,0,0,0,0,0,0,0,0,0,0,0,0,0,0,0,0,0,0,0,0,0,0,0,0,0,0
CHEMBL3903641_diffdock_5_complex,"['hbond', 'hbond']",['hydroph_interaction'],['hydroph_interaction'],['hydroph_interaction'],['hydroph_interaction'],['hydroph_interaction'],0,0,0,0,0,0,0,0,0,['hbond'],0,0,0,0,0,0,0,0,0,0,0,0,0,0,0,0,0,0,0,0,0,0,0,0
CHEMBL205149_diffdock_6_complex,['hbond'],0,['hydroph_interaction'],['hydroph_interaction'],['hydroph_interaction'],['hydroph_interaction'],['hydroph_interaction'],['hydroph_interaction'],0,0,0,0,0,0,0,0,0,0,0,0,0,0,0,0,0,0,0,0,0,0,0,0,0,0,0,0,0,0,0,0
CHEMBL1090364_diffdock_9_complex,['hbond'],0,['hydroph_interaction'],0,"['hydroph_interaction', 'hydroph_interaction']","['hydroph_interaction', 'hydroph_interaction']","['hbond', 'hydroph_interaction', 'hydroph_interaction']",['hydroph_interaction'],0,0,0,['hydroph_interaction'],0,0,0,0,['hbond'],0,0,0,0,0,['hydroph_interaction'],0,0,0,0,0,0,0,0,0,0,0,0,0,0,0,0,0
CHEMBL29197_diffdock_8_complex,['hbond'],0,['hydroph_interaction'],['hydroph_interaction'],0,0,0,['hbond'],0,0,['hydroph_interaction'],0,0,0,0,0,0,0,0,0,0,0,0,0,0,0,0,0,0,0,0,0,0,0,0,0,0,0,0,0
CHEMBL3671487_diffdock_8_complex,['hbond'],0,0,['hydroph_interaction'],"['hydroph_interaction', 'hydroph_interaction']","['hydroph_interaction', 'hydroph_interaction']",['hydroph_interaction'],['hydroph_interaction'],0,0,0,0,0,0,0,0,0,0,0,0,0,0,0,0,0,0,0,0,0,0,0,0,0,0,0,0,0,0,0,0
CHEMBL3132872_diffdock_8_complex,['hbond'],0,0,0,"['hydroph_interaction', 'hydroph_interaction']",['hydroph_interaction'],['hydroph_interaction'],['hydroph_interaction'],0,0,0,0,0,0,0,0,0,0,0,0,0,0,0,0,0,0,0,0,0,0,0,0,0,0,0,0,0,0,0,0
CHEMBL69071_diffdock_10_complex,['hbond'],0,['hydroph_interaction'],['hydroph_interaction'],"['hydroph_interaction', 'hydroph_interaction']",0,['hydroph_interaction'],0,0,0,0,0,0,0,0,['hbond'],0,0,0,0,0,0,0,0,0,0,0,0,0,0,0,0,0,0,0,0,0,0,0,0
CHEMBL1645466_diffdock_4_complex,['hbond'],['hydroph_interaction'],['hydroph_interaction'],0,['hydroph_interaction'],['hydroph_interaction'],"['hydroph_interaction', 'hydroph_interaction']",['hydroph_interaction'],0,0,0,0,0,0,['hydroph_interaction'],0,0,0,0,0,0,0,0,0,0,0,0,0,0,0,0,0,0,0,0,0,0,0,0,0
CHEMBL166093_diffdock_5_complex,['hbond'],0,0,['hydroph_interaction'],['hydroph_interaction'],['hbond'],['hydroph_interaction'],0,['hbond'],0,0,0,0,0,0,0,0,0,0,0,0,0,0,0,0,0,0,0,0,0,0,0,0,0,0,0,0,0,0,0
CHEMBL3763627_diffdock_10_complex,0,0,0,0,0,0,0,0,0,0,0,0,0,0,0,0,0,0,0,0,0,0,0,0,0,0,0,0,0,0,0,0,0,0,0,0,0,0,0,0
CHEMBL3759359_diffdock_10_complex,['hbond'],0,"['hydroph_interaction', 'hydroph_interaction']",0,['hydroph_interaction'],0,['hydroph_interaction'],0,0,0,0,0,0,0,['hydroph_interaction'],0,['hbond'],0,0,0,0,0,0,0,0,0,0,0,0,0,0,0,0,0,0,0,0,0,0,0
CHEMBL4228672_diffdock_8_complex,['hbond'],0,0,0,['hydroph_interaction'],['hbond'],0,0,['hbond'],0,0,0,0,0,0,['hbond'],0,0,0,0,0,0,0,0,0,0,0,0,0,0,0,0,0,0,0,0,0,0,0,0
CHEMBL2032376_diffdock_9_complex,"['hbond', 'hbond']",0,"['hydroph_interaction', 'hydroph_interaction']",0,0,['hydroph_interaction'],0,0,0,0,['hydroph_interaction'],0,0,0,0,0,0,0,0,0,0,0,0,0,0,0,0,0,['hbond'],0,0,0,0,0,0,0,0,0,0,0
CHEMBL1645466_diffdock_6_complex,['hbond'],['hydroph_interaction'],['hydroph_interaction'],"['hydroph_interaction', 'hydroph_interaction']","['hydroph_interaction', 'hydroph_interaction']",['hydroph_interaction'],['hydroph_interaction'],0,0,0,0,0,0,0,0,0,0,0,0,0,['hbond'],0,0,0,0,0,0,0,0,0,0,0,0,0,0,0,0,0,0,0
CHEMBL77452_diffdock_7_complex,['hbond'],0,['hydroph_interaction'],['hydroph_interaction'],"['hydroph_interaction', 'hydroph_interaction']","['hydroph_interaction', 'hydroph_interaction', 'hydroph_interaction']","['pication', 'hydroph_interaction', 'hydroph_interaction']",['hydroph_interaction'],0,0,['hydroph_interaction'],0,0,0,0,0,0,0,0,0,0,0,0,0,0,0,0,0,0,0,0,0,0,0,0,0,0,0,0,0
CHEMBL31815_diffdock_9_complex,['hbond'],['hydroph_interaction'],['hydroph_interaction'],['hydroph_interaction'],"['hydroph_interaction', 'hydroph_interaction', 'hydroph_interaction']",['hydroph_interaction'],0,0,0,0,0,0,0,0,0,0,0,0,0,0,0,0,0,0,0,0,0,0,0,0,0,0,0,0,0,0,0,0,0,0
CHEMBL4745521_diffdock_1_complex,['hbond'],0,0,"['hydroph_interaction', 'hydroph_interaction']",['hydroph_interaction'],"['hbond', 'hydroph_interaction']","['hydroph_interaction', 'hydroph_interaction']",0,0,0,0,['halogenbond'],0,0,0,0,0,0,0,0,0,0,0,0,0,0,0,0,0,0,0,0,0,0,0,0,0,0,0,0
CHEMBL255871_diffdock_6_complex,"['hbond', 'hbond']",0,['hydroph_interaction'],['hydroph_interaction'],"['hydroph_interaction', 'hydroph_interaction']",0,['hydroph_interaction'],['hydroph_interaction'],0,0,0,0,0,0,0,0,['hydroph_interaction'],0,0,0,0,0,0,0,0,0,0,0,0,0,0,0,0,0,0,0,0,0,0,0
CHEMBL2032376_diffdock_8_complex,"['hbond', 'hbond']",0,"['hydroph_interaction', 'hydroph_interaction']",0,0,['hydroph_interaction'],0,0,0,0,0,0,0,0,0,0,0,0,0,0,0,0,0,0,0,0,0,0,['hbond'],0,0,0,0,0,0,0,0,0,0,0
CHEMBL3741026_diffdock_1_complex,['hbond'],0,"['hydroph_interaction', 'hydroph_interaction']",['hydroph_interaction'],['hydroph_interaction'],['hydroph_interaction'],"['hydroph_interaction', 'hydroph_interaction']",0,['hbond'],0,0,0,0,0,"['hydroph_interaction', 'hydroph_interaction']",0,0,0,0,0,0,0,0,0,0,0,0,0,0,"['hydroph_interaction', 'hydroph_interaction']",0,0,0,0,0,0,0,0,['hydroph_interaction'],0
CHEMBL1090364_diffdock_4_complex,"['hbond', 'hbond']",0,['hydroph_interaction'],['hydroph_interaction'],['hydroph_interaction'],['hydroph_interaction'],"['hbond', 'hbond', 'hydroph_interaction', 'hydroph_interaction']",0,0,0,['hydroph_interaction'],0,0,0,['hydroph_interaction'],0,['hydroph_interaction'],['hydroph_interaction'],0,0,0,0,0,0,0,0,0,0,0,0,0,0,0,0,0,0,0,0,0,0
CHEMBL461967_diffdock_6_complex,['hbond'],0,['hydroph_interaction'],['hydroph_interaction'],"['hydroph_interaction', 'hydroph_interaction']","['hydroph_interaction', 'hydroph_interaction']",['hydroph_interaction'],['hydroph_interaction'],0,0,0,['halogenbond'],0,0,0,0,0,0,0,0,['hbond'],['hydroph_interaction'],0,0,0,0,0,0,0,0,0,0,0,0,0,0,0,0,0,0
CHEMBL3663925_diffdock_4_complex,"['hbond', 'hbond']",0,['hydroph_interaction'],['hydroph_interaction'],"['hydroph_interaction', 'hydroph_interaction']",['hydroph_interaction'],0,0,0,0,0,0,0,['hbond'],0,0,0,0,0,0,0,0,0,0,0,0,0,0,0,0,0,0,0,0,0,0,0,0,0,0
CHEMBL1204261_diffdock_1_complex,['hbond'],0,['hydroph_interaction'],['hydroph_interaction'],"['hydroph_interaction', 'hydroph_interaction']",['hydroph_interaction'],['hydroph_interaction'],['hydroph_interaction'],0,0,0,0,0,0,0,0,0,0,0,0,0,['hydroph_interaction'],0,0,0,0,0,0,0,0,0,0,0,0,0,0,0,0,0,0
CHEMBL4745521_diffdock_10_complex,['hbond'],['hydroph_interaction'],['hydroph_interaction'],['hydroph_interaction'],"['hydroph_interaction', 'hydroph_interaction']",['hydroph_interaction'],0,0,0,0,['hydroph_interaction'],0,0,0,['hydroph_interaction'],['hbond'],0,0,0,0,0,0,0,0,0,0,0,['hbond'],0,0,0,0,0,0,0,0,0,0,0,0
CHEMBL4787951_diffdock_5_complex,['hbond'],0,0,"['hydroph_interaction', 'hydroph_interaction']",['hydroph_interaction'],"['hydroph_interaction', 'hydroph_interaction']",['hydroph_interaction'],['hydroph_interaction'],0,0,0,0,0,0,['hydroph_interaction'],0,0,0,['saltbridge'],0,0,0,0,0,0,0,0,0,0,0,0,0,0,0,0,0,0,0,0,0
CHEMBL2425736_diffdock_5_complex,['hbond'],0,['hydroph_interaction'],['hydroph_interaction'],['hydroph_interaction'],"['hbond', 'hydroph_interaction']",['hydroph_interaction'],0,0,['saltbridge'],0,0,0,0,0,0,0,0,0,0,['hydroph_interaction'],['hydroph_interaction'],0,0,0,0,0,0,0,0,0,0,0,0,0,0,0,0,0,0
CHEMBL4080720_diffdock_10_complex,['hbond'],0,0,['hydroph_interaction'],['hydroph_interaction'],['hydroph_interaction'],['hydroph_interaction'],0,0,0,0,['halogenbond'],0,0,0,0,0,0,0,['hbond'],0,0,0,0,0,0,0,0,0,0,0,0,0,0,0,0,0,0,0,0
CHEMBL3741026_diffdock_6_complex,0,0,['hydroph_interaction'],['hydroph_interaction'],"['hydroph_interaction', 'hydroph_interaction', 'hydroph_interaction']",['hydroph_interaction'],['hydroph_interaction'],['hydroph_interaction'],0,0,0,0,0,0,0,0,0,0,0,0,0,['hydroph_interaction'],0,0,0,0,['hydroph_interaction'],0,0,0,0,0,0,0,0,0,0,0,0,0
CHEMBL77452_diffdock_4_complex,['hbond'],0,['hydroph_interaction'],['hydroph_interaction'],"['hydroph_interaction', 'hydroph_interaction']",0,['hydroph_interaction'],"['hbond', 'hydroph_interaction']",0,['hbond'],['hydroph_interaction'],0,0,0,0,0,0,0,0,0,0,0,0,0,0,0,0,0,0,0,0,0,0,0,0,0,0,0,0,0
CHEMBL4759072_diffdock_9_complex,['hbond'],0,['hydroph_interaction'],['hydroph_interaction'],['hydroph_interaction'],['hydroph_interaction'],['hydroph_interaction'],['hydroph_interaction'],0,0,0,0,0,0,0,0,0,0,0,0,0,0,0,0,0,0,0,0,0,0,0,0,0,0,0,0,0,0,0,0
CHEMBL1645466_diffdock_3_complex,['hbond'],0,['hydroph_interaction'],['hydroph_interaction'],"['hydroph_interaction', 'hydroph_interaction']",['hydroph_interaction'],['hydroph_interaction'],0,0,0,0,0,0,0,0,0,0,0,0,0,0,0,0,0,0,0,0,0,0,0,0,0,0,0,0,0,0,0,0,0
CHEMBL3960853_diffdock_3_complex,['hbond'],0,['hydroph_interaction'],['hydroph_interaction'],0,"['hydroph_interaction', 'hydroph_interaction']","['hydroph_interaction', 'hydroph_interaction']",0,0,0,['hydroph_interaction'],0,0,0,['hydroph_interaction'],0,0,0,['saltbridge'],0,0,0,0,0,0,0,0,0,0,0,0,0,0,0,0,0,0,0,0,0
CHEMBL341522_diffdock_4_complex,['hbond'],0,0,['hydroph_interaction'],"['hydroph_interaction', 'hydroph_interaction', 'hydroph_interaction']",['hydroph_interaction'],['hydroph_interaction'],['hydroph_interaction'],0,0,0,0,0,0,0,0,0,0,['saltbridge'],0,0,0,0,0,0,0,0,0,0,0,0,0,0,0,0,0,0,0,0,0
CHEMBL77452_diffdock_2_complex,['hbond'],0,['hydroph_interaction'],['hydroph_interaction'],"['pistack', 'pistack']","['hydroph_interaction', 'hydroph_interaction']",['hydroph_interaction'],['hydroph_interaction'],0,['hydroph_interaction'],0,0,0,0,0,0,0,0,0,0,0,0,0,0,0,0,0,0,0,0,0,0,0,0,0,0,0,0,0,0
CHEMBL5088102_diffdock_10_complex,"['hbond', 'hbond']",['hydroph_interaction'],['hydroph_interaction'],['hydroph_interaction'],"['hydroph_interaction', 'hydroph_interaction']",0,0,0,0,0,0,0,0,0,0,['hbond'],0,0,0,0,0,0,0,0,0,0,0,0,0,0,0,0,0,0,0,0,0,0,0,0
CHEMBL3699603_diffdock_9_complex,"['hbond', 'hbond']",['hydroph_interaction'],"['hydroph_interaction', 'hydroph_interaction']",0,['hydroph_interaction'],0,0,0,0,0,['hydroph_interaction'],0,0,0,0,['hbond'],0,0,0,0,0,0,0,0,0,0,0,0,0,0,0,0,0,0,0,0,0,0,0,0
CHEMBL255871_diffdock_9_complex,['hbond'],0,['hydroph_interaction'],['hydroph_interaction'],0,['hydroph_interaction'],['hbond'],0,['hydroph_interaction'],['hydroph_interaction'],['hydroph_interaction'],0,0,['hbond'],0,0,0,0,0,0,0,0,0,0,0,0,0,0,0,0,0,0,0,0,0,0,0,0,0,0
CHEMBL3671487_diffdock_7_complex,['hbond'],0,0,0,['hydroph_interaction'],"['hydroph_interaction', 'hydroph_interaction']",['hydroph_interaction'],"['hydroph_interaction', 'hydroph_interaction']",0,0,0,0,0,0,0,0,0,0,0,0,0,['hydroph_interaction'],0,0,0,0,0,0,0,['hbond'],0,0,0,0,0,0,0,0,0,0
CHEMBL3671487_diffdock_10_complex,['hbond'],0,0,['hydroph_interaction'],['hydroph_interaction'],"['hbond', 'hydroph_interaction', 'hydroph_interaction']","['hydroph_interaction', 'hydroph_interaction']",0,0,0,0,0,0,0,0,0,0,0,0,0,0,['hydroph_interaction'],0,0,0,0,0,0,0,0,0,0,0,0,0,0,0,0,0,0
CHEMBL3663925_diffdock_6_complex,"['hbond', 'hbond']",0,['hydroph_interaction'],['hydroph_interaction'],['hydroph_interaction'],"['hydroph_interaction', 'hydroph_interaction']",0,0,0,0,0,0,0,['hbond'],0,0,0,0,0,0,0,0,0,0,0,0,0,0,0,0,0,0,0,0,0,0,0,0,0,0
CHEMBL4068047_diffdock_1_complex,['hbond'],0,['hydroph_interaction'],['hydroph_interaction'],0,"['hydroph_interaction', 'hydroph_interaction']",0,0,0,0,['hydroph_interaction'],0,0,0,['hydroph_interaction'],0,0,0,0,0,0,0,0,0,0,0,0,0,0,0,0,0,0,0,0,0,0,0,0,0
CHEMBL1645466_diffdock_8_complex,['hbond'],0,['hydroph_interaction'],['hydroph_interaction'],['hydroph_interaction'],0,"['hydroph_interaction', 'hydroph_interaction']",['hydroph_interaction'],0,0,0,['hydroph_interaction'],0,0,0,0,0,0,0,['hbond'],0,0,0,0,0,0,0,0,0,0,0,0,0,0,0,0,0,0,0,0
CHEMBL5088102_diffdock_6_complex,"['hbond', 'hbond']",0,['hydroph_interaction'],['hydroph_interaction'],"['hydroph_interaction', 'hydroph_interaction']","['hydroph_interaction', 'hydroph_interaction', 'hydroph_interaction']",['hbond'],0,0,0,['hydroph_interaction'],0,0,0,0,0,0,0,0,0,0,0,0,0,0,0,0,0,0,0,0,0,0,0,0,0,0,0,0,0
CHEMBL4745521_diffdock_4_complex,['hbond'],0,['hydroph_interaction'],"['hydroph_interaction', 'hydroph_interaction']",['hydroph_interaction'],"['hbond', 'hydroph_interaction', 'hydroph_interaction', 'halogenbond']",['hydroph_interaction'],['hydroph_interaction'],0,0,0,['halogenbond'],0,0,0,0,0,0,0,0,0,0,0,0,0,0,0,0,0,0,0,0,0,0,0,0,0,0,0,0
CHEMBL51854_diffdock_9_complex,['hbond'],0,0,0,['hydroph_interaction'],0,['hydroph_interaction'],0,0,0,0,0,0,0,0,0,0,0,0,0,0,0,0,0,0,0,0,0,0,0,0,0,0,0,0,0,0,0,0,0
CHEMBL341522_diffdock_2_complex,['hbond'],0,['hydroph_interaction'],"['hydroph_interaction', 'hydroph_interaction']","['hydroph_interaction', 'hydroph_interaction']",['hydroph_interaction'],"['hydroph_interaction', 'hydroph_interaction']",['hydroph_interaction'],0,0,0,0,0,0,['hydroph_interaction'],0,0,0,['saltbridge'],0,0,0,0,0,0,0,0,0,0,0,0,0,0,0,0,0,0,0,0,0
CHEMBL2031296_diffdock_10_complex,['hbond'],0,['hydroph_interaction'],"['hydroph_interaction', 'hydroph_interaction']",['hydroph_interaction'],['hydroph_interaction'],['hydroph_interaction'],0,0,0,0,0,0,0,0,0,0,0,0,0,0,0,0,0,0,0,0,0,0,0,0,0,0,0,0,0,0,0,0,0
CHEMBL80540_diffdock_3_complex,"['hbond', 'hydroph_interaction']",0,['hydroph_interaction'],['hydroph_interaction'],"['pistack', 'hydroph_interaction', 'hydroph_interaction']",0,"['pication', 'hydroph_interaction', 'hydroph_interaction']",['hydroph_interaction'],0,['saltbridge'],['hydroph_interaction'],0,0,0,0,0,0,0,['saltbridge'],0,0,0,0,0,0,0,0,0,0,0,0,0,0,0,0,0,0,0,0,0
CHEMBL3663925_diffdock_3_complex,['hbond'],0,['hydroph_interaction'],0,['hydroph_interaction'],['hydroph_interaction'],0,['hydroph_interaction'],0,0,0,0,0,['hbond'],0,0,0,0,"['saltbridge', 'saltbridge']",0,0,0,0,0,0,0,0,0,0,0,0,0,0,0,0,0,0,0,0,0
CHEMBL2032376_diffdock_4_complex,"['hbond', 'hbond']",0,"['hydroph_interaction', 'hydroph_interaction']","['hydroph_interaction', 'hydroph_interaction']",0,['hydroph_interaction'],0,0,['hydroph_interaction'],0,['hydroph_interaction'],0,0,0,0,0,0,0,0,0,['hydroph_interaction'],0,0,0,0,0,0,0,0,0,0,0,0,0,0,0,0,0,0,0
CHEMBL4759072_diffdock_4_complex,['hbond'],0,['hydroph_interaction'],['hydroph_interaction'],['hydroph_interaction'],"['hbond', 'hydroph_interaction']",['hydroph_interaction'],['hydroph_interaction'],0,0,0,0,0,0,0,0,0,0,0,0,0,['hydroph_interaction'],0,0,0,0,0,0,0,0,0,0,0,0,0,0,0,0,0,0
CHEMBL77452_diffdock_10_complex,['hbond'],0,['hydroph_interaction'],['hydroph_interaction'],"['hydroph_interaction', 'hydroph_interaction']","['hydroph_interaction', 'hydroph_interaction']","['pication', 'hydroph_interaction', 'hydroph_interaction']",['hydroph_interaction'],0,0,['hydroph_interaction'],0,['hbond'],0,0,0,['hbond'],0,0,0,0,0,0,0,0,0,0,0,0,0,0,0,0,0,0,0,0,0,0,0
CHEMBL255871_diffdock_5_complex,"['hbond', 'hbond']",0,0,['hydroph_interaction'],['hydroph_interaction'],0,"['pication', 'hydroph_interaction']",['hydroph_interaction'],0,0,0,0,0,0,0,0,['hydroph_interaction'],0,0,0,0,0,0,0,0,0,0,0,0,0,0,0,0,0,0,0,0,0,0,0
CHEMBL4070053_diffdock_10_complex,0,0,0,0,0,0,0,0,0,0,0,0,0,0,0,0,0,0,0,0,0,0,0,0,0,0,0,0,0,0,0,0,0,0,0,0,0,0,0,0
CHEMBL3960853_diffdock_4_complex,['hbond'],0,['hydroph_interaction'],"['hydroph_interaction', 'hydroph_interaction']","['hydroph_interaction', 'hydroph_interaction']","['hydroph_interaction', 'hydroph_interaction']","['hydroph_interaction', 'hydroph_interaction']",0,0,['saltbridge'],['hydroph_interaction'],0,0,0,['hydroph_interaction'],0,0,0,0,0,0,0,0,0,0,0,0,0,0,0,0,0,0,0,0,0,0,0,0,0
CHEMBL3699603_diffdock_2_complex,"['hbond', 'hbond']",0,['hydroph_interaction'],['hydroph_interaction'],['hydroph_interaction'],"['hydroph_interaction', 'hydroph_interaction']",0,0,0,0,['hydroph_interaction'],0,0,0,0,0,0,0,0,0,['hydroph_interaction'],0,0,0,0,0,0,0,0,0,0,0,0,0,0,0,0,0,0,0
CHEMBL51854_diffdock_3_complex,['hbond'],0,0,['hydroph_interaction'],['hydroph_interaction'],0,['hydroph_interaction'],['hydroph_interaction'],0,0,0,0,0,0,0,0,0,0,0,0,0,0,0,0,0,0,0,0,0,0,0,0,0,0,0,0,0,0,0,0
CHEMBL203645_diffdock_1_complex,"['hbond', 'hbond']",['hydroph_interaction'],['hydroph_interaction'],"['hydroph_interaction', 'hydroph_interaction']",['hydroph_interaction'],"['hydroph_interaction', 'hydroph_interaction']",0,0,0,0,0,0,0,0,0,0,0,0,0,0,0,0,0,0,0,0,0,0,0,0,0,0,0,0,0,0,0,0,0,0
CHEMBL166093_diffdock_9_complex,['hbond'],0,0,['hydroph_interaction'],['hydroph_interaction'],0,['hydroph_interaction'],0,0,0,0,['halogenbond'],0,0,0,0,0,0,0,0,0,0,0,0,0,0,0,0,0,0,0,0,0,0,0,0,0,0,0,0
CHEMBL31815_diffdock_8_complex,['hbond'],0,"['hydroph_interaction', 'hydroph_interaction']",0,"['hydroph_interaction', 'hydroph_interaction']",0,['hydroph_interaction'],['hydroph_interaction'],0,0,0,0,0,0,0,0,0,0,0,0,0,0,0,0,0,0,0,0,0,0,0,0,0,0,0,0,0,0,0,0
CHEMBL4439338_diffdock_6_complex,"['hbond', 'hydroph_interaction']",0,['hydroph_interaction'],0,['hydroph_interaction'],0,"['hbond', 'hydroph_interaction']",['hydroph_interaction'],['hbond'],"['saltbridge', 'hbond']",0,['hydroph_interaction'],0,0,0,0,['hydroph_interaction'],0,0,0,0,0,0,0,0,0,0,0,0,0,0,0,0,0,0,0,0,0,0,0
CHEMBL255871_diffdock_1_complex,['hbond'],0,0,['hydroph_interaction'],['hydroph_interaction'],['hydroph_interaction'],0,0,0,0,0,0,0,0,0,['hbond'],0,0,0,0,"['hydroph_interaction', 'halogenbond']",['hbond'],0,0,0,0,0,0,0,0,0,0,0,0,0,0,0,0,0,0
CHEMBL341522_diffdock_9_complex,"['hbond', 'hbond']",0,0,0,0,['hydroph_interaction'],['hydroph_interaction'],0,0,0,0,0,0,0,['hydroph_interaction'],0,0,0,0,0,0,0,0,0,0,0,0,0,0,0,0,0,0,0,0,0,0,0,0,0
CHEMBL255871_diffdock_10_complex,0,0,0,0,0,0,0,0,0,0,0,0,0,0,0,0,0,0,0,0,0,0,0,0,0,0,0,0,0,0,0,0,0,0,0,0,0,0,0,0
CHEMBL5088102_diffdock_8_complex,"['hbond', 'hbond']",0,['hydroph_interaction'],['hydroph_interaction'],"['hydroph_interaction', 'hydroph_interaction']",['hydroph_interaction'],0,0,0,0,['hydroph_interaction'],0,0,0,0,0,0,0,0,0,0,0,0,0,0,0,0,0,0,0,0,0,0,0,0,0,0,0,0,0
CHEMBL503418_diffdock_5_complex,['hbond'],"['hydroph_interaction', 'hydroph_interaction']",0,0,"['pistack', 'hydroph_interaction', 'hydroph_interaction']",['hydroph_interaction'],"['hbond', 'hydroph_interaction']",0,0,0,0,0,0,0,0,0,0,0,['saltbridge'],0,0,0,0,0,0,0,['hbond'],0,0,0,0,0,0,0,0,0,0,0,0,0
CHEMBL4745521_diffdock_3_complex,"['hbond', 'hydroph_interaction']",0,['hydroph_interaction'],0,"['hydroph_interaction', 'hydroph_interaction']","['hbond', 'hydroph_interaction', 'halogenbond']",['hydroph_interaction'],['hydroph_interaction'],0,0,0,0,0,0,['hydroph_interaction'],0,0,0,0,0,0,['hydroph_interaction'],0,0,0,0,0,0,0,0,0,0,0,0,0,0,0,0,0,0
CHEMBL460721_diffdock_6_complex,['hbond'],0,['hydroph_interaction'],['hydroph_interaction'],"['hydroph_interaction', 'hydroph_interaction']",0,['hydroph_interaction'],['hydroph_interaction'],0,0,0,0,0,0,0,0,0,0,0,0,0,0,0,0,0,0,0,0,0,0,0,0,0,0,0,0,0,0,0,0
CHEMBL31815_diffdock_5_complex,['hbond'],0,['hydroph_interaction'],['hydroph_interaction'],"['hydroph_interaction', 'hydroph_interaction']",['hydroph_interaction'],"['hydroph_interaction', 'hydroph_interaction', 'hydroph_interaction']",0,['hbond'],0,['hydroph_interaction'],0,0,0,0,0,0,0,0,0,0,0,0,0,0,0,0,0,0,0,0,0,0,0,0,0,0,0,0,0
CHEMBL1645466_diffdock_2_complex,['hbond'],0,0,"['hydroph_interaction', 'hydroph_interaction']","['hydroph_interaction', 'hydroph_interaction']","['hydroph_interaction', 'hydroph_interaction']",['hydroph_interaction'],0,0,0,0,0,0,0,['hydroph_interaction'],0,0,0,0,0,0,0,0,0,0,0,0,0,0,0,0,0,0,0,0,0,0,0,0,0
CHEMBL3814211_diffdock_1_complex,['hbond'],0,['hydroph_interaction'],"['hydroph_interaction', 'hydroph_interaction']",['hydroph_interaction'],"['hbond', 'hydroph_interaction']","['hydroph_interaction', 'hydroph_interaction']",0,0,0,0,['halogenbond'],0,0,0,0,0,0,0,0,0,0,0,0,0,0,0,0,0,0,0,0,0,0,0,0,0,0,0,0
CHEMBL1204261_diffdock_8_complex,['hbond'],0,0,['hydroph_interaction'],['hydroph_interaction'],"['hydroph_interaction', 'hydroph_interaction']",['hydroph_interaction'],0,0,0,0,0,0,0,0,0,0,0,0,0,0,0,0,0,0,0,0,0,0,0,0,0,0,0,0,0,0,0,0,0
CHEMBL3663925_diffdock_5_complex,"['hbond', 'hbond']",0,0,['hydroph_interaction'],['hydroph_interaction'],"['hydroph_interaction', 'hydroph_interaction', 'hydroph_interaction']",0,0,0,0,0,0,0,['hbond'],0,0,0,0,['saltbridge'],0,0,0,0,0,0,0,0,0,0,0,0,0,0,0,0,0,0,0,0,0
CHEMBL4745521_diffdock_6_complex,['hbond'],0,['hydroph_interaction'],"['hydroph_interaction', 'hydroph_interaction']",['hydroph_interaction'],"['hbond', 'hydroph_interaction']","['hydroph_interaction', 'hydroph_interaction']",0,0,0,0,0,0,0,['hydroph_interaction'],0,['hbond'],0,0,0,0,['hydroph_interaction'],0,0,0,0,0,0,0,0,0,0,0,0,0,0,0,0,0,0
CHEMBL2032376_diffdock_2_complex,"['hbond', 'hbond']",0,"['hydroph_interaction', 'hydroph_interaction']",['hydroph_interaction'],0,['hydroph_interaction'],0,0,0,['saltbridge'],['hydroph_interaction'],0,0,0,0,['hbond'],0,0,0,0,['hydroph_interaction'],0,0,0,0,0,0,0,0,0,0,0,0,0,0,0,0,0,0,0
CHEMBL5082074_diffdock_10_complex,['hbond'],0,0,0,['hydroph_interaction'],"['hbond', 'hydroph_interaction', 'hydroph_interaction']",0,['hydroph_interaction'],0,0,['hydroph_interaction'],0,0,0,0,0,0,0,0,0,0,0,0,0,0,0,0,0,0,0,0,0,0,0,0,0,0,0,0,['hbond']
CHEMBL4228672_diffdock_10_complex,"['hbond', 'hbond']",0,['hydroph_interaction'],['hydroph_interaction'],['hydroph_interaction'],0,0,0,['hbond'],0,0,0,0,0,0,['hbond'],0,0,0,0,0,0,0,0,0,0,0,0,0,0,0,0,0,0,0,0,0,0,0,0
CHEMBL461967_diffdock_10_complex,['hbond'],0,0,"['hydroph_interaction', 'hydroph_interaction']",['hydroph_interaction'],['hydroph_interaction'],['hydroph_interaction'],0,0,0,0,['halogenbond'],0,0,0,0,0,0,0,0,0,0,0,0,0,0,0,0,0,0,0,0,0,0,0,0,0,0,0,0
CHEMBL3763627_diffdock_6_complex,['hbond'],0,['hydroph_interaction'],0,"['hydroph_interaction', 'hydroph_interaction']","['hbond', 'hydroph_interaction']","['hbond', 'hydroph_interaction', 'hydroph_interaction']",['hydroph_interaction'],0,0,0,['hydroph_interaction'],0,0,0,0,"['hbond', 'hbond', 'hbond', 'hydroph_interaction']",0,0,0,0,['hydroph_interaction'],0,0,0,0,0,0,0,0,0,['hydroph_interaction'],0,0,0,0,0,0,0,0
CHEMBL2031296_diffdock_7_complex,['hbond'],0,0,['hydroph_interaction'],"['hydroph_interaction', 'hydroph_interaction']",['hydroph_interaction'],['hydroph_interaction'],0,0,0,0,0,0,0,0,0,0,0,0,0,0,0,0,0,0,0,0,0,0,0,0,0,0,0,0,0,0,0,0,0
CHEMBL51854_diffdock_5_complex,['hbond'],0,0,['hydroph_interaction'],"['hydroph_interaction', 'hydroph_interaction']",0,['hydroph_interaction'],['hydroph_interaction'],0,0,0,0,0,0,0,0,0,0,0,0,0,0,0,0,0,0,0,0,0,0,0,0,0,0,0,0,0,0,0,0
CHEMBL5077776_diffdock_8_complex,"['hbond', 'hbond']",0,['hydroph_interaction'],['hydroph_interaction'],"['hydroph_interaction', 'hydroph_interaction']",['hydroph_interaction'],['hbond'],0,0,0,['hydroph_interaction'],0,0,0,0,0,0,0,0,0,0,0,0,0,0,0,0,0,0,0,0,0,0,0,0,0,0,0,0,0
CHEMBL77452_diffdock_8_complex,['hbond'],0,['hydroph_interaction'],['hydroph_interaction'],"['pistack', 'hydroph_interaction']",['hydroph_interaction'],"['pication', 'hydroph_interaction']",0,0,0,['hydroph_interaction'],0,0,0,0,0,['hbond'],0,0,0,0,0,0,0,0,0,0,0,0,0,0,0,0,0,0,0,0,0,0,0
CHEMBL205149_diffdock_2_complex,['hbond'],0,0,['hydroph_interaction'],"['hydroph_interaction', 'hydroph_interaction']","['hydroph_interaction', 'hydroph_interaction']",['hydroph_interaction'],0,0,0,0,['halogenbond'],0,0,0,0,0,0,0,0,0,0,0,0,0,0,0,0,0,0,0,0,0,0,0,0,0,0,0,0
CHEMBL2032376_diffdock_3_complex,"['hbond', 'hbond']",0,"['hydroph_interaction', 'hydroph_interaction']",['hydroph_interaction'],0,"['hydroph_interaction', 'hydroph_interaction']",0,0,"['hbond', 'hydroph_interaction']",0,['hydroph_interaction'],0,0,0,0,0,0,0,0,0,"['hbond', 'hydroph_interaction']",0,0,['hydroph_interaction'],0,0,0,0,0,0,0,0,0,0,0,0,0,0,0,0
CHEMBL3699603_diffdock_3_complex,"['hbond', 'hbond']",['hydroph_interaction'],0,"['hydroph_interaction', 'hydroph_interaction']",['hydroph_interaction'],['hydroph_interaction'],0,['halogenbond'],0,0,['hydroph_interaction'],0,0,0,0,0,0,0,0,0,0,0,0,0,0,0,0,0,0,0,0,0,0,0,0,0,0,0,0,0
CHEMBL69071_diffdock_1_complex,['hbond'],0,['hydroph_interaction'],0,"['hydroph_interaction', 'hydroph_interaction']",0,['hydroph_interaction'],['hydroph_interaction'],0,0,0,0,0,0,0,['hbond'],0,0,0,0,0,0,0,0,0,0,0,0,0,0,0,0,0,0,0,0,0,0,0,0
CHEMBL205149_diffdock_8_complex,['hbond'],['hydroph_interaction'],0,['hydroph_interaction'],"['hydroph_interaction', 'hydroph_interaction']","['hydroph_interaction', 'hydroph_interaction']","['hydroph_interaction', 'hydroph_interaction']",0,0,0,0,0,0,0,0,0,['hbond'],0,0,0,0,0,0,0,0,0,0,0,0,0,0,0,0,0,0,0,0,0,0,0
CHEMBL3967836_diffdock_6_complex,"['hbond', 'hbond']",0,0,0,['hydroph_interaction'],['hydroph_interaction'],0,0,['hbond'],0,['hydroph_interaction'],0,0,0,0,0,0,0,0,0,['hydroph_interaction'],0,0,0,0,0,0,0,0,0,0,0,0,0,0,0,0,0,0,0
CHEMBL1090364_diffdock_8_complex,"['hbond', 'hbond']",0,['hydroph_interaction'],['hydroph_interaction'],['hydroph_interaction'],"['hbond', 'hydroph_interaction', 'hydroph_interaction']","['hbond', 'hbond', 'hydroph_interaction', 'hydroph_interaction', 'hydroph_interaction']",['hbond'],0,0,0,0,0,0,['hydroph_interaction'],0,['hydroph_interaction'],['hydroph_interaction'],0,0,0,0,0,0,0,0,0,0,0,0,0,0,0,0,0,0,0,0,0,0
CHEMBL1204261_diffdock_10_complex,0,0,0,0,0,0,0,0,0,0,0,0,0,0,0,0,0,0,0,0,0,0,0,0,0,0,0,0,0,0,0,0,0,0,0,0,0,0,0,0
CHEMBL341522_diffdock_7_complex,['hbond'],['hydroph_interaction'],['hydroph_interaction'],"['hydroph_interaction', 'hydroph_interaction']","['hydroph_interaction', 'hydroph_interaction']","['hydroph_interaction', 'hydroph_interaction']",['hydroph_interaction'],0,0,0,0,0,0,0,0,0,0,0,0,0,0,0,0,0,0,0,0,0,0,0,0,0,0,0,0,0,0,0,0,0
CHEMBL203645_diffdock_5_complex,['hbond'],['hydroph_interaction'],['hydroph_interaction'],['hydroph_interaction'],"['hydroph_interaction', 'hydroph_interaction']",0,0,0,0,0,0,0,0,['hbond'],['hydroph_interaction'],0,0,0,0,['halogenbond'],0,0,0,0,0,0,0,0,0,0,0,0,0,0,0,0,0,0,0,0
CHEMBL3960853_diffdock_6_complex,['hbond'],0,0,['hydroph_interaction'],['hydroph_interaction'],['hydroph_interaction'],"['hydroph_interaction', 'hydroph_interaction']",0,0,0,['hydroph_interaction'],0,0,0,['hydroph_interaction'],0,0,0,0,0,0,0,0,0,0,0,0,0,0,0,0,0,0,0,0,0,0,0,0,0
CHEMBL3699603_diffdock_6_complex,"['hbond', 'hbond']",0,"['hydroph_interaction', 'hydroph_interaction']",0,['hydroph_interaction'],0,0,0,0,0,['hydroph_interaction'],0,0,0,0,['hbond'],0,0,0,0,['hydroph_interaction'],0,0,0,0,0,0,0,0,0,0,0,0,0,0,0,0,0,0,0
CHEMBL205149_diffdock_10_complex,['hbond'],0,['hydroph_interaction'],0,['hydroph_interaction'],['hydroph_interaction'],['hydroph_interaction'],0,0,0,0,['halogenbond'],0,0,0,0,0,0,0,0,0,0,0,0,0,0,0,0,0,0,0,0,0,0,0,0,0,0,0,0
CHEMBL3814211_diffdock_7_complex,['hbond'],0,['hydroph_interaction'],['hydroph_interaction'],['hydroph_interaction'],0,['hydroph_interaction'],['hydroph_interaction'],0,0,0,['halogenbond'],0,0,0,0,0,0,0,0,0,0,0,0,0,0,0,0,0,0,0,0,0,0,0,0,0,0,0,0
CHEMBL51854_diffdock_2_complex,['hbond'],0,0,0,0,['hydroph_interaction'],0,0,0,0,0,0,0,0,0,0,0,0,0,0,0,0,0,0,0,0,0,0,0,0,0,0,0,0,0,0,0,0,0,0
CHEMBL1204261_diffdock_2_complex,['hbond'],0,['hydroph_interaction'],['hydroph_interaction'],"['hydroph_interaction', 'hydroph_interaction']",['hydroph_interaction'],['hydroph_interaction'],['hydroph_interaction'],0,0,0,0,0,0,0,0,0,0,0,0,0,0,0,0,0,0,0,0,0,0,0,0,0,0,0,0,0,0,0,0
CHEMBL1204261_diffdock_4_complex,"['hbond', 'hydroph_interaction']",0,['hydroph_interaction'],0,['hydroph_interaction'],0,['hydroph_interaction'],['hydroph_interaction'],0,0,0,0,0,0,['hydroph_interaction'],0,['halogenbond'],0,0,0,0,0,0,0,0,0,0,0,0,0,0,0,0,0,0,0,0,0,0,0
CHEMBL3967836_diffdock_3_complex,"['hbond', 'hbond']",0,['hydroph_interaction'],['hydroph_interaction'],['hydroph_interaction'],['hydroph_interaction'],0,0,0,0,0,0,0,0,0,['hbond'],0,0,['hydroph_interaction'],0,['hbond'],0,0,0,0,0,0,0,0,0,0,0,0,0,0,0,0,0,0,0
CHEMBL2425736_diffdock_2_complex,"['hbond', 'hydroph_interaction']",0,['hydroph_interaction'],0,"['hydroph_interaction', 'hydroph_interaction']","['hbond', 'hydroph_interaction']",['hydroph_interaction'],['hydroph_interaction'],0,"['saltbridge', 'hydroph_interaction']",0,0,0,0,['hydroph_interaction'],0,0,0,0,0,0,0,0,0,0,0,0,0,0,0,0,0,0,0,0,0,0,0,0,0
CHEMBL460721_diffdock_5_complex,['hbond'],0,['hydroph_interaction'],['hydroph_interaction'],['hydroph_interaction'],['hydroph_interaction'],['hydroph_interaction'],['hydroph_interaction'],0,"['saltbridge', 'hbond']",0,0,0,0,['hydroph_interaction'],0,0,0,0,0,0,0,0,"['hydroph_interaction', 'hydroph_interaction']",0,0,0,0,0,0,0,0,0,0,0,0,0,0,0,0
CHEMBL51854_diffdock_7_complex,['hbond'],0,0,0,['hydroph_interaction'],0,['hydroph_interaction'],0,0,0,0,0,0,0,0,0,0,0,0,0,0,0,0,0,0,0,0,0,0,0,0,0,0,0,0,0,0,0,0,0
CHEMBL3623286_diffdock_7_complex,['hbond'],0,['hydroph_interaction'],['hydroph_interaction'],['hydroph_interaction'],['hydroph_interaction'],['hydroph_interaction'],['hydroph_interaction'],['hbond'],['saltbridge'],0,0,0,0,0,0,0,0,0,0,0,0,0,0,0,0,0,0,0,0,0,0,0,0,0,0,0,0,0,0
CHEMBL3663925_diffdock_7_complex,['hbond'],0,['hydroph_interaction'],['hydroph_interaction'],['hydroph_interaction'],['hydroph_interaction'],0,['hydroph_interaction'],0,0,0,0,0,['hbond'],0,0,0,0,0,0,0,0,0,0,0,0,0,0,0,0,0,0,0,0,0,0,0,0,0,0
CHEMBL419137_diffdock_10_complex,['hbond'],0,0,['hydroph_interaction'],"['hydroph_interaction', 'hydroph_interaction', 'hydroph_interaction', 'hydroph_interaction']",['hydroph_interaction'],0,0,0,0,0,0,0,0,0,0,0,0,0,0,0,['hydroph_interaction'],0,0,0,0,0,0,0,0,0,0,0,0,0,0,0,0,0,0
CHEMBL4068047_diffdock_6_complex,"['hbond', 'hbond']",0,"['hydroph_interaction', 'hydroph_interaction']","['hydroph_interaction', 'halogenbond']",['hydroph_interaction'],0,0,['hydroph_interaction'],['hbond'],['hydroph_interaction'],0,0,0,0,['hydroph_interaction'],['hbond'],0,0,0,0,['hbond'],0,0,0,0,0,0,0,0,0,0,0,0,0,0,0,0,0,0,0
CHEMBL2437460_diffdock_10_complex,"['hbond', 'hbond']",0,['hydroph_interaction'],0,['hydroph_interaction'],['hbond'],0,0,0,0,0,0,0,0,0,0,0,0,0,0,0,0,0,0,0,0,0,0,0,0,0,0,0,0,0,0,0,0,0,0
CHEMBL341522_diffdock_5_complex,['hbond'],0,['hydroph_interaction'],['hydroph_interaction'],['hydroph_interaction'],['hydroph_interaction'],['hydroph_interaction'],0,0,0,0,0,0,0,['hydroph_interaction'],0,0,0,0,0,0,0,0,0,0,0,0,0,0,0,0,0,0,0,0,0,0,0,0,0
CHEMBL4070053_diffdock_2_complex,['hbond'],0,0,"['hydroph_interaction', 'hydroph_interaction']",['hydroph_interaction'],['hydroph_interaction'],['hydroph_interaction'],0,0,0,['hydroph_interaction'],0,0,0,0,0,0,0,0,['hbond'],0,['hydroph_interaction'],0,0,0,0,0,0,0,0,0,0,0,0,0,0,0,0,0,0
CHEMBL4068047_diffdock_3_complex,"['hbond', 'hbond']",0,"['hydroph_interaction', 'hydroph_interaction']",['hydroph_interaction'],['pistack'],0,0,0,0,0,['hydroph_interaction'],0,0,0,['hydroph_interaction'],0,0,0,0,0,['hydroph_interaction'],0,0,['hydroph_interaction'],0,0,0,0,0,0,0,0,0,0,0,0,0,0,0,0
CHEMBL3763627_diffdock_9_complex,['hbond'],['hydroph_interaction'],['hydroph_interaction'],['hydroph_interaction'],['hydroph_interaction'],0,0,0,0,0,0,0,0,0,0,0,0,0,0,0,0,0,0,0,0,0,0,0,0,0,0,0,0,0,0,0,0,0,0,0
CHEMBL4794670_diffdock_4_complex,['hbond'],0,['hydroph_interaction'],"['hydroph_interaction', 'hydroph_interaction']",['hydroph_interaction'],"['hbond', 'hydroph_interaction']","['hydroph_interaction', 'hydroph_interaction', 'hydroph_interaction']",['hydroph_interaction'],0,0,0,['halogenbond'],0,0,0,0,['hydroph_interaction'],0,0,0,0,0,0,0,0,0,0,0,0,0,0,0,0,0,0,0,0,0,0,0
CHEMBL80540_diffdock_8_complex,"['hbond', 'hydroph_interaction']",0,['hydroph_interaction'],['hydroph_interaction'],"['hydroph_interaction', 'hydroph_interaction']",0,"['hydroph_interaction', 'hydroph_interaction']",['hydroph_interaction'],0,0,0,0,0,0,0,0,0,0,['saltbridge'],0,0,0,0,0,0,0,0,0,0,0,0,0,0,0,0,0,0,0,0,0
CHEMBL5082074_diffdock_4_complex,['hbond'],['hydroph_interaction'],['hydroph_interaction'],"['hydroph_interaction', 'hydroph_interaction']",['hydroph_interaction'],['hydroph_interaction'],['hydroph_interaction'],0,0,0,0,['hydroph_interaction'],0,['hbond'],0,0,['hbond'],0,0,0,0,0,0,0,0,0,0,0,0,0,0,0,0,0,0,0,0,0,0,0
CHEMBL4794670_diffdock_5_complex,"['hbond', 'hydroph_interaction']",0,['hydroph_interaction'],['hydroph_interaction'],['hydroph_interaction'],['hbond'],['hydroph_interaction'],['hydroph_interaction'],0,0,0,['halogenbond'],0,0,0,0,"['hbond', 'hydroph_interaction']",0,0,0,0,0,0,0,0,0,0,0,0,0,0,0,0,0,0,0,0,0,0,0
CHEMBL3759359_diffdock_9_complex,['hbond'],0,['hydroph_interaction'],['hydroph_interaction'],['hydroph_interaction'],['hydroph_interaction'],"['hydroph_interaction', 'hydroph_interaction']",0,0,0,0,0,0,0,0,0,0,0,0,0,0,0,0,0,0,0,0,0,0,0,0,0,0,0,0,0,0,0,0,0
CHEMBL3741026_diffdock_3_complex,['hbond'],0,['hydroph_interaction'],['hydroph_interaction'],['hydroph_interaction'],['hydroph_interaction'],"['hydroph_interaction', 'hydroph_interaction']",['hydroph_interaction'],0,0,0,['hydroph_interaction'],0,0,['hydroph_interaction'],0,0,0,0,0,0,0,0,0,0,0,0,0,0,0,0,0,0,0,0,0,0,0,0,0
CHEMBL2032376_diffdock_5_complex,"['hbond', 'hbond']",0,"['hydroph_interaction', 'hydroph_interaction']",['hydroph_interaction'],0,['hydroph_interaction'],0,0,['hydroph_interaction'],['saltbridge'],['hydroph_interaction'],0,0,0,0,['hbond'],0,0,0,0,0,0,0,0,0,0,0,0,0,0,0,0,0,0,0,0,0,0,0,0
CHEMBL1204261_diffdock_3_complex,['hbond'],0,['hydroph_interaction'],['hydroph_interaction'],"['hydroph_interaction', 'hydroph_interaction']",['hydroph_interaction'],['hydroph_interaction'],['hydroph_interaction'],0,0,0,0,0,0,0,0,0,0,0,0,0,0,0,0,0,0,0,0,0,0,0,0,0,0,0,0,0,0,0,0
CHEMBL5082074_diffdock_7_complex,['hbond'],['hydroph_interaction'],"['hydroph_interaction', 'hydroph_interaction']",['hydroph_interaction'],['hydroph_interaction'],['hbond'],0,0,['hydroph_interaction'],['saltbridge'],0,0,0,0,0,['hbond'],0,0,0,0,['hydroph_interaction'],0,0,['hydroph_interaction'],0,0,0,0,0,0,0,0,0,0,0,0,0,0,0,0
CHEMBL5198812_diffdock_3_complex,0,"['hydroph_interaction', 'hydroph_interaction']",0,['hydroph_interaction'],"['hydroph_interaction', 'hydroph_interaction']",['hydroph_interaction'],['pication'],0,0,0,0,0,0,0,0,0,0,0,0,0,0,0,0,0,0,0,0,0,0,0,0,0,0,0,0,0,0,0,0,0
CHEMBL255871_diffdock_7_complex,"['hbond', 'hbond']",0,0,['hydroph_interaction'],['pistack'],0,"['hbond', 'hydroph_interaction', 'hydroph_interaction']","['hbond', 'hydroph_interaction']",0,0,0,['hydroph_interaction'],0,0,0,0,0,0,0,0,0,0,0,0,0,0,0,0,0,0,0,0,0,0,0,0,0,0,0,0
CHEMBL503418_diffdock_10_complex,"['hbond', 'hbond']",0,0,0,"['hydroph_interaction', 'hydroph_interaction']",['hbond'],['hydroph_interaction'],0,0,0,0,0,0,0,0,0,"['hbond', 'hydroph_interaction']",0,0,0,0,0,0,0,0,0,0,0,0,0,0,0,0,0,0,0,0,0,0,0
CHEMBL31815_diffdock_2_complex,['hbond'],0,['hydroph_interaction'],0,"['hydroph_interaction', 'hydroph_interaction']","['hbond', 'hydroph_interaction']",['hydroph_interaction'],0,['hbond'],0,0,0,0,0,0,0,0,0,0,0,0,0,0,0,0,0,0,0,0,0,0,0,0,0,0,0,0,0,0,0
CHEMBL29197_diffdock_4_complex,['hbond'],0,['hydroph_interaction'],"['hydroph_interaction', 'hydroph_interaction']","['hydroph_interaction', 'hydroph_interaction']",['hydroph_interaction'],['hydroph_interaction'],['hydroph_interaction'],0,0,0,['halogenbond'],0,0,0,0,0,0,0,0,0,0,0,0,0,0,0,0,0,0,0,0,0,0,0,0,0,0,0,0
CHEMBL3763627_diffdock_3_complex,['hbond'],0,0,['hydroph_interaction'],['hydroph_interaction'],['hydroph_interaction'],"['hbond', 'hydroph_interaction']",['hydroph_interaction'],0,['saltbridge'],0,['hydroph_interaction'],0,0,0,0,"['hbond', 'hydroph_interaction']",0,0,0,0,0,0,0,0,0,0,0,0,0,0,['hydroph_interaction'],0,0,0,0,0,0,0,0
CHEMBL4068047_diffdock_8_complex,"['hbond', 'hbond']",0,"['hydroph_interaction', 'hydroph_interaction']",['hydroph_interaction'],0,0,0,['hydroph_interaction'],0,['hydroph_interaction'],0,0,0,0,0,['hbond'],0,0,0,0,0,0,0,0,0,0,0,0,0,0,0,0,0,0,0,0,0,0,0,0
CHEMBL3903641_diffdock_8_complex,['hbond'],['hydroph_interaction'],['hydroph_interaction'],"['hydroph_interaction', 'hydroph_interaction']",['hydroph_interaction'],['hydroph_interaction'],0,0,0,0,['hydroph_interaction'],0,0,0,0,0,0,0,0,0,0,0,0,0,0,0,0,0,0,0,0,0,0,0,0,0,0,0,0,0
CHEMBL2031296_diffdock_1_complex,['hbond'],0,['hydroph_interaction'],0,0,"['hydroph_interaction', 'hydroph_interaction']",0,0,0,0,0,0,0,0,0,0,0,0,0,0,0,0,0,0,0,0,0,0,0,0,0,0,0,0,0,0,0,0,0,0
CHEMBL3960853_diffdock_5_complex,['hbond'],0,['hydroph_interaction'],['hydroph_interaction'],['hydroph_interaction'],"['hydroph_interaction', 'hydroph_interaction']","['hydroph_interaction', 'hydroph_interaction']",0,0,0,0,0,0,0,0,0,0,0,['saltbridge'],0,0,0,0,0,0,0,0,0,0,0,0,0,0,0,0,0,0,0,0,0
CHEMBL4787951_diffdock_2_complex,"['hbond', 'hbond']",['hydroph_interaction'],['hydroph_interaction'],['hydroph_interaction'],['hydroph_interaction'],"['hbond', 'hydroph_interaction']",0,0,0,0,0,0,0,0,0,['hbond'],0,0,0,['hbond'],0,0,0,0,0,0,0,0,0,0,0,0,0,0,0,0,0,0,0,0
CHEMBL77452_diffdock_9_complex,['hbond'],0,['hydroph_interaction'],0,['hydroph_interaction'],['hydroph_interaction'],"['hbond', 'pication', 'hydroph_interaction', 'hydroph_interaction']",['hydroph_interaction'],0,0,['hydroph_interaction'],0,['hbond'],0,0,0,0,0,0,0,0,0,0,0,0,0,0,0,0,0,0,0,0,0,0,0,0,0,0,0
CHEMBL3903641_diffdock_1_complex,"['hbond', 'hbond']",['hydroph_interaction'],['hydroph_interaction'],['hydroph_interaction'],"['hydroph_interaction', 'hydroph_interaction']","['hydroph_interaction', 'hydroph_interaction']",0,0,0,0,0,0,0,0,0,0,0,0,0,0,0,0,0,0,0,0,0,0,0,0,0,0,0,0,0,0,0,0,0,0
CHEMBL3759359_diffdock_3_complex,['hbond'],0,['hydroph_interaction'],['hydroph_interaction'],['hydroph_interaction'],"['hydroph_interaction', 'hydroph_interaction']","['hydroph_interaction', 'hydroph_interaction']",0,0,0,['hydroph_interaction'],0,0,0,['hydroph_interaction'],0,0,0,0,0,0,0,0,0,0,0,0,0,0,0,0,0,0,0,0,0,0,0,0,0
CHEMBL4070053_diffdock_6_complex,['hbond'],0,['hydroph_interaction'],"['hydroph_interaction', 'hydroph_interaction']",['hydroph_interaction'],['hydroph_interaction'],['hydroph_interaction'],0,['hbond'],0,0,0,0,0,['hydroph_interaction'],0,0,0,0,0,0,0,0,0,0,0,0,0,0,0,0,0,0,0,0,0,0,0,0,0
CHEMBL4443188_diffdock_4_complex,['hbond'],0,['hydroph_interaction'],"['hydroph_interaction', 'hydroph_interaction']","['hydroph_interaction', 'hydroph_interaction']","['hbond', 'hydroph_interaction']",['hydroph_interaction'],['hydroph_interaction'],0,['saltbridge'],0,['halogenbond'],0,0,0,0,['hbond'],0,0,0,0,0,0,0,0,0,0,0,0,0,0,0,0,0,0,0,0,0,0,0
CHEMBL31815_diffdock_4_complex,['hbond'],0,['hydroph_interaction'],0,"['hydroph_interaction', 'hydroph_interaction']","['hbond', 'hydroph_interaction']",['hydroph_interaction'],['hydroph_interaction'],0,0,0,0,0,0,0,0,0,0,0,0,0,0,0,0,0,0,0,0,0,0,0,0,0,0,0,0,0,0,0,0
CHEMBL69071_diffdock_4_complex,['hbond'],0,['hydroph_interaction'],0,['hydroph_interaction'],0,0,['hydroph_interaction'],0,0,0,0,0,0,0,0,['halogenbond'],0,0,0,0,0,0,0,0,0,['hbond'],0,0,0,0,0,0,0,0,0,0,0,0,0
CHEMBL4443188_diffdock_3_complex,['hbond'],0,['hydroph_interaction'],0,['hydroph_interaction'],['hydroph_interaction'],['hydroph_interaction'],0,0,['saltbridge'],0,['halogenbond'],0,0,0,0,0,0,0,0,0,0,0,0,0,0,0,0,0,0,0,0,0,0,0,0,0,0,0,0
CHEMBL2032376_diffdock_10_complex,0,0,0,0,0,0,0,0,0,0,0,0,0,0,0,0,0,0,0,0,0,0,0,0,0,0,0,0,0,0,0,0,0,0,0,0,0,0,0,0
CHEMBL255871_diffdock_8_complex,['hbond'],"['hydroph_interaction', 'hydroph_interaction']","['hydroph_interaction', 'hydroph_interaction']",0,"['pistack', 'hydroph_interaction', 'hydroph_interaction', 'hydroph_interaction']",['hydroph_interaction'],0,['hydroph_interaction'],0,0,0,0,0,0,0,0,['hbond'],0,0,0,0,0,0,0,0,0,0,0,0,0,0,0,0,0,0,0,0,0,0,0
CHEMBL4070053_diffdock_5_complex,"['hbond', 'hydroph_interaction']",0,"['hydroph_interaction', 'hydroph_interaction']",['hydroph_interaction'],['hydroph_interaction'],0,0,['hydroph_interaction'],['hbond'],0,0,0,0,0,0,0,0,0,0,0,0,0,0,0,0,0,0,0,0,0,0,0,0,0,0,0,0,0,0,0
CHEMBL3763790_diffdock_10_complex,"['hbond', 'hydroph_interaction', 'hydroph_interaction']","['hydroph_interaction', 'hydroph_interaction']",0,"['hydroph_interaction', 'hydroph_interaction']","['hydroph_interaction', 'hydroph_interaction']",0,0,0,0,0,0,0,0,0,0,0,0,0,0,0,0,"['hydroph_interaction', 'hydroph_interaction']",0,0,0,0,['hydroph_interaction'],0,0,0,0,0,0,0,0,0,0,0,0,0
CHEMBL80540_diffdock_4_complex,['hbond'],0,0,0,"['hydroph_interaction', 'hydroph_interaction']","['hydroph_interaction', 'hydroph_interaction']","['pication', 'hydroph_interaction', 'hydroph_interaction']",['hydroph_interaction'],0,0,['hydroph_interaction'],0,0,0,0,0,['hbond'],0,['saltbridge'],0,0,['hydroph_interaction'],0,0,0,0,0,0,0,0,0,0,0,0,0,0,0,0,0,0
CHEMBL203645_diffdock_2_complex,"['hbond', 'hbond']",['hydroph_interaction'],['hydroph_interaction'],['hydroph_interaction'],['hydroph_interaction'],0,0,0,0,0,0,0,0,0,0,0,0,0,0,0,0,0,0,0,0,0,0,0,0,0,0,0,0,0,0,0,0,0,0,0
CHEMBL4068047_diffdock_9_complex,"['hbond', 'hbond']",0,"['hydroph_interaction', 'hydroph_interaction']","['hydroph_interaction', 'hydroph_interaction']",['hydroph_interaction'],['hbond'],0,0,0,0,['hydroph_interaction'],0,0,0,['hydroph_interaction'],['hbond'],0,0,0,0,0,0,0,0,0,0,0,0,0,0,0,0,0,0,0,0,0,['halogenbond'],0,0
CHEMBL4794670_diffdock_2_complex,['hbond'],0,['hydroph_interaction'],0,['hydroph_interaction'],['hbond'],0,['hydroph_interaction'],0,0,['hydroph_interaction'],['halogenbond'],0,0,0,0,['hydroph_interaction'],0,['hbond'],0,0,0,0,0,0,0,0,0,0,0,0,0,0,0,0,0,0,0,0,0
CHEMBL460721_diffdock_8_complex,['hbond'],0,0,"['hydroph_interaction', 'hydroph_interaction']",['hydroph_interaction'],"['hydroph_interaction', 'hydroph_interaction']",['hydroph_interaction'],0,0,['saltbridge'],0,0,0,0,0,0,0,0,0,0,0,0,0,['hydroph_interaction'],0,0,0,0,0,0,0,0,0,0,0,0,0,0,0,0
CHEMBL4080720_diffdock_4_complex,['hbond'],0,['hydroph_interaction'],0,['hydroph_interaction'],['hydroph_interaction'],['hydroph_interaction'],['hydroph_interaction'],0,0,['halogenbond'],['halogenbond'],0,0,0,0,0,0,0,0,['hbond'],0,0,0,0,0,0,0,0,0,0,0,0,0,0,0,0,0,0,0
CHEMBL4443188_diffdock_7_complex,['hbond'],0,0,['hydroph_interaction'],['hydroph_interaction'],0,['hydroph_interaction'],0,0,0,0,['halogenbond'],0,0,0,0,['hbond'],0,0,0,0,['hydroph_interaction'],0,0,0,0,0,0,0,0,0,0,0,0,0,0,0,0,0,0
CHEMBL4068047_diffdock_2_complex,"['hbond', 'hbond']",0,"['hydroph_interaction', 'hydroph_interaction']",['hydroph_interaction'],['hydroph_interaction'],"['hydroph_interaction', 'hydroph_interaction']",0,0,0,['hydroph_interaction'],['hydroph_interaction'],0,0,0,['hydroph_interaction'],0,0,0,0,0,['hbond'],0,0,0,0,0,0,0,0,0,0,0,0,0,0,0,0,0,0,0
CHEMBL5077776_diffdock_1_complex,"['hbond', 'hbond']",0,['hydroph_interaction'],['hydroph_interaction'],"['hydroph_interaction', 'hydroph_interaction']",0,['hbond'],0,0,0,['hydroph_interaction'],0,0,0,0,['hbond'],0,0,0,0,0,0,0,0,0,0,0,0,0,0,0,0,0,0,0,0,0,0,0,0
CHEMBL3676384_diffdock_1_complex,['hbond'],0,0,['hydroph_interaction'],['hydroph_interaction'],"['hbond', 'hydroph_interaction']","['hydroph_interaction', 'hydroph_interaction']",['hydroph_interaction'],0,0,0,['halogenbond'],0,0,0,0,0,0,0,0,0,['hydroph_interaction'],0,0,0,0,0,0,0,0,0,0,0,0,0,0,0,0,0,0
CHEMBL3699603_diffdock_5_complex,"['hbond', 'hbond']",['hydroph_interaction'],['hydroph_interaction'],"['hydroph_interaction', 'hydroph_interaction']",['hydroph_interaction'],"['hydroph_interaction', 'hydroph_interaction']",0,0,0,0,['hydroph_interaction'],0,0,0,0,0,0,0,0,0,0,0,0,0,0,0,0,0,0,0,0,0,0,0,0,0,0,0,0,0
CHEMBL4745521_diffdock_2_complex,['hbond'],0,['hydroph_interaction'],['hydroph_interaction'],"['hydroph_interaction', 'hydroph_interaction']","['hbond', 'hydroph_interaction', 'hydroph_interaction', 'halogenbond']",['hydroph_interaction'],['hydroph_interaction'],0,0,0,0,0,0,0,0,0,0,0,0,0,0,0,0,0,0,0,0,0,0,0,0,0,0,0,0,0,0,0,0
CHEMBL5088102_diffdock_5_complex,"['hbond', 'hbond']",0,0,['hydroph_interaction'],"['hydroph_interaction', 'hydroph_interaction']",0,['hbond'],0,0,0,['hydroph_interaction'],0,0,0,0,['hbond'],0,0,0,0,['hydroph_interaction'],0,0,0,0,0,0,0,0,0,0,0,0,0,0,0,0,0,0,0
CHEMBL419137_diffdock_7_complex,['hbond'],0,['hydroph_interaction'],['hydroph_interaction'],"['pistack', 'hydroph_interaction']",['hydroph_interaction'],"['pication', 'hydroph_interaction']",['hydroph_interaction'],0,0,0,0,0,0,0,0,0,0,0,0,0,0,0,0,0,0,0,0,0,0,0,0,0,0,0,0,0,0,0,0
CHEMBL3903641_diffdock_4_complex,"['hbond', 'hbond']",0,['hydroph_interaction'],['hydroph_interaction'],['hydroph_interaction'],"['hydroph_interaction', 'hydroph_interaction']",0,['halogenbond'],0,0,['hydroph_interaction'],0,0,0,0,0,0,0,0,0,['hydroph_interaction'],0,0,0,0,0,0,0,0,0,0,0,0,0,0,0,0,0,0,0
CHEMBL3132872_diffdock_5_complex,['hbond'],0,['hydroph_interaction'],0,['hydroph_interaction'],['hydroph_interaction'],['hydroph_interaction'],0,0,0,0,0,0,0,['hydroph_interaction'],0,0,0,0,0,0,0,0,0,0,0,0,0,0,0,0,0,0,0,0,0,0,0,0,0
CHEMBL4070053_diffdock_8_complex,"['hbond', 'hydroph_interaction']",0,['hydroph_interaction'],['hydroph_interaction'],['hydroph_interaction'],0,['hydroph_interaction'],['hydroph_interaction'],0,0,0,0,0,0,0,0,0,0,0,0,['hbond'],0,0,0,0,0,0,0,0,0,0,0,0,0,0,0,0,0,0,0
CHEMBL1204261_diffdock_9_complex,['hbond'],0,['hydroph_interaction'],"['hydroph_interaction', 'hydroph_interaction']",['hydroph_interaction'],0,['hydroph_interaction'],0,0,0,['hydroph_interaction'],0,0,0,['hydroph_interaction'],0,0,0,0,0,0,0,0,0,0,0,0,0,0,0,0,0,0,0,0,0,0,0,0,0
CHEMBL3960853_diffdock_2_complex,['hbond'],0,['hydroph_interaction'],['hydroph_interaction'],['hydroph_interaction'],"['hydroph_interaction', 'hydroph_interaction']","['hydroph_interaction', 'hydroph_interaction']",0,0,['saltbridge'],['hydroph_interaction'],0,0,0,['hydroph_interaction'],0,0,0,0,0,0,0,0,0,0,0,0,0,0,0,0,0,0,0,0,0,0,0,0,0
CHEMBL461967_diffdock_3_complex,['hbond'],0,['hydroph_interaction'],['hydroph_interaction'],['hydroph_interaction'],['hydroph_interaction'],['hydroph_interaction'],['hydroph_interaction'],0,['saltbridge'],['halogenbond'],['halogenbond'],0,0,0,0,0,0,0,0,0,0,0,0,0,0,0,0,0,0,0,0,0,0,0,0,0,0,0,0
